baseline,views,base_rows,batch_size,group_cardinality,apply_ms,maintain_ms
no_maintenance,10,10000,1,10,0.006,0.000
no_maintenance,10,10000,10,10,0.018,0.000
no_maintenance,10,10000,100,10,0.081,0.000
no_maintenance,10,10000,1000,10,0.501,0.000
no_maintenance,10,100000,1,10,0.005,0.000
no_maintenance,10,100000,10,10,0.008,0.000
no_maintenance,10,100000,100,10,0.048,0.000
no_maintenance,10,100000,1000,10,0.444,0.000
no_maintenance,10,1000000,1,10,0.017,0.000
no_maintenance,10,1000000,10,10,0.022,0.000
no_maintenance,10,1000000,100,10,0.076,0.000
no_maintenance,10,1000000,1000,10,0.605,0.000
no_maintenance,10,10000,1,1000,0.014,0.000
no_maintenance,10,10000,10,1000,0.009,0.000
no_maintenance,10,10000,100,1000,0.038,0.000
no_maintenance,10,10000,1000,1000,0.266,0.000
no_maintenance,10,100000,1,1000,0.004,0.000
no_maintenance,10,100000,10,1000,0.008,0.000
no_maintenance,10,100000,100,1000,0.042,0.000
no_maintenance,10,100000,1000,1000,0.375,0.000
no_maintenance,10,1000000,1,1000,0.014,0.000
no_maintenance,10,1000000,10,1000,0.015,0.000
no_maintenance,10,1000000,100,1000,0.058,0.000
no_maintenance,10,1000000,1000,1000,0.558,0.000
no_maintenance,10,100000,1,100000,0.004,0.000
no_maintenance,10,100000,10,100000,0.008,0.000
no_maintenance,10,100000,100,100000,0.042,0.000
no_maintenance,10,100000,1000,100000,0.365,0.000
no_maintenance,10,1000000,1,100000,0.007,0.000
no_maintenance,10,1000000,10,100000,0.021,0.000
no_maintenance,10,1000000,100,100000,0.086,0.000
no_maintenance,10,1000000,1000,100000,0.629,0.000
hand_written_trigger,10,10000,1,10,0.120,0.000
hand_written_trigger,10,10000,10,10,0.197,0.000
hand_written_trigger,10,10000,100,10,0.845,0.000
hand_written_trigger,10,10000,1000,10,7.414,0.000
hand_written_trigger,10,100000,1,10,0.116,0.000
hand_written_trigger,10,100000,10,10,0.195,0.000
hand_written_trigger,10,100000,100,10,0.828,0.000
hand_written_trigger,10,100000,1000,10,7.598,0.000
hand_written_trigger,10,1000000,1,10,0.123,0.000
hand_written_trigger,10,1000000,10,10,0.203,0.000
hand_written_trigger,10,1000000,100,10,0.896,0.000
hand_written_trigger,10,1000000,1000,10,7.687,0.000
hand_written_trigger,10,10000,1,1000,0.109,0.000
hand_written_trigger,10,10000,10,1000,0.204,0.000
hand_written_trigger,10,10000,100,1000,1.038,0.000
hand_written_trigger,10,10000,1000,1000,9.859,0.000
hand_written_trigger,10,100000,1,1000,0.116,0.000
hand_written_trigger,10,100000,10,1000,0.216,0.000
hand_written_trigger,10,100000,100,1000,1.034,0.000
hand_written_trigger,10,100000,1000,1000,9.250,0.000
hand_written_trigger,10,1000000,1,1000,0.119,0.000
hand_written_trigger,10,1000000,10,1000,0.230,0.000
hand_written_trigger,10,1000000,100,1000,1.114,0.000
hand_written_trigger,10,1000000,1000,1000,9.714,0.000
hand_written_trigger,10,100000,1,100000,0.118,0.000
hand_written_trigger,10,100000,10,100000,0.356,0.000
hand_written_trigger,10,100000,100,100000,2.700,0.000
hand_written_trigger,10,100000,1000,100000,24.152,0.000
hand_written_trigger,10,1000000,1,100000,0.117,0.000
hand_written_trigger,10,1000000,10,100000,0.370,0.000
hand_written_trigger,10,1000000,100,100000,2.820,0.000
hand_written_trigger,10,1000000,1000,100000,18.043,0.000
naive_recompute,10,10000,1,10,0.005,15.983
naive_recompute,10,10000,10,10,0.007,15.985
naive_recompute,10,10000,100,10,0.035,16.002
naive_recompute,10,10000,1000,10,0.246,16.513
naive_recompute,10,100000,1,10,0.004,189.838
naive_recompute,10,100000,10,10,0.013,189.399
naive_recompute,10,100000,100,10,0.042,189.983
naive_recompute,10,100000,1000,10,0.387,190.248
naive_recompute,10,1000000,1,10,0.006,2170.633
naive_recompute,10,1000000,10,10,0.021,2175.648
naive_recompute,10,1000000,100,10,0.093,2175.856
naive_recompute,10,1000000,1000,10,0.514,2243.891
naive_recompute,10,10000,1,1000,0.006,18.301
naive_recompute,10,10000,10,1000,0.008,18.329
naive_recompute,10,10000,100,1000,0.039,18.296
naive_recompute,10,10000,1000,1000,0.253,19.087
naive_recompute,10,100000,1,1000,0.005,220.267
naive_recompute,10,100000,10,1000,0.009,219.640
naive_recompute,10,100000,100,1000,0.063,222.248
naive_recompute,10,100000,1000,1000,0.394,221.654
naive_recompute,10,1000000,1,1000,0.009,2398.248
naive_recompute,10,1000000,10,1000,0.022,2398.886
naive_recompute,10,1000000,100,1000,0.092,2511.534
naive_recompute,10,1000000,1000,1000,0.625,2512.928
naive_recompute,10,100000,1,100000,0.006,240.179
naive_recompute,10,100000,10,100000,0.011,239.469
naive_recompute,10,100000,100,100000,0.059,239.626
naive_recompute,10,100000,1000,100000,0.394,241.887
naive_recompute,10,1000000,1,100000,0.017,2822.165
naive_recompute,10,1000000,10,100000,0.021,2719.969
naive_recompute,10,1000000,100,100000,0.081,2699.280
naive_recompute,10,1000000,1000,100000,0.614,2700.679
no_maintenance,1,10000,1,1000,0.009,0.000
no_maintenance,1,10000,10,1000,0.008,0.000
no_maintenance,1,10000,100,1000,0.039,0.000
no_maintenance,1,10000,1000,1000,0.253,0.000
no_maintenance,1,100000,1,1000,0.004,0.000
no_maintenance,1,100000,10,1000,0.007,0.000
no_maintenance,1,100000,100,1000,0.042,0.000
no_maintenance,1,100000,1000,1000,0.374,0.000
no_maintenance,1,1000000,1,1000,0.016,0.000
no_maintenance,1,1000000,10,1000,0.016,0.000
no_maintenance,1,1000000,100,1000,0.066,0.000
no_maintenance,1,1000000,1000,1000,0.520,0.000
no_maintenance,50,10000,1,1000,0.004,0.000
no_maintenance,50,10000,10,1000,0.011,0.000
no_maintenance,50,10000,100,1000,0.038,0.000
no_maintenance,50,10000,1000,1000,0.251,0.000
no_maintenance,50,100000,1,1000,0.003,0.000
no_maintenance,50,100000,10,1000,0.007,0.000
no_maintenance,50,100000,100,1000,0.041,0.000
no_maintenance,50,100000,1000,1000,0.365,0.000
no_maintenance,50,1000000,1,1000,0.005,0.000
no_maintenance,50,1000000,10,1000,0.017,0.000
no_maintenance,50,1000000,100,1000,0.069,0.000
no_maintenance,50,1000000,1000,1000,0.536,0.000
no_maintenance,200,10000,1,1000,0.004,0.000
no_maintenance,200,10000,10,1000,0.008,0.000
no_maintenance,200,10000,100,1000,0.038,0.000
no_maintenance,200,10000,1000,1000,0.250,0.000
no_maintenance,200,100000,1,1000,0.004,0.000
no_maintenance,200,100000,10,1000,0.007,0.000
no_maintenance,200,100000,100,1000,0.042,0.000
no_maintenance,200,100000,1000,1000,0.365,0.000
no_maintenance,200,1000000,1,1000,0.012,0.000
no_maintenance,200,1000000,10,1000,0.012,0.000
no_maintenance,200,1000000,100,1000,0.082,0.000
no_maintenance,200,1000000,1000,1000,0.571,0.000
hand_written_trigger,1,10000,1,1000,0.030,0.000
hand_written_trigger,1,10000,10,1000,0.042,0.000
hand_written_trigger,1,10000,100,1000,0.198,0.000
hand_written_trigger,1,10000,1000,1000,1.729,0.000
hand_written_trigger,1,100000,1,1000,0.030,0.000
hand_written_trigger,1,100000,10,1000,0.046,0.000
hand_written_trigger,1,100000,100,1000,0.205,0.000
hand_written_trigger,1,100000,1000,1000,1.778,0.000
hand_written_trigger,1,1000000,1,1000,0.026,0.000
hand_written_trigger,1,1000000,10,1000,0.051,0.000
hand_written_trigger,1,1000000,100,1000,0.230,0.000
hand_written_trigger,1,1000000,1000,1000,1.951,0.000
hand_written_trigger,50,10000,1,1000,0.483,0.000
hand_written_trigger,50,10000,10,1000,0.947,0.000
hand_written_trigger,50,10000,100,1000,4.680,0.000
hand_written_trigger,50,10000,1000,1000,40.480,0.000
hand_written_trigger,50,100000,1,1000,0.478,0.000
hand_written_trigger,50,100000,10,1000,0.903,0.000
hand_written_trigger,50,100000,100,1000,4.558,0.000
hand_written_trigger,50,100000,1000,1000,39.154,0.000
hand_written_trigger,50,1000000,1,1000,0.501,0.000
hand_written_trigger,50,1000000,10,1000,0.971,0.000
hand_written_trigger,50,1000000,100,1000,4.864,0.000
hand_written_trigger,50,1000000,1000,1000,43.041,0.000
hand_written_trigger,200,10000,1,1000,1.998,0.000
hand_written_trigger,200,10000,10,1000,4.736,0.000
hand_written_trigger,200,10000,100,1000,21.969,0.000
hand_written_trigger,200,10000,1000,1000,179.661,0.000
hand_written_trigger,200,100000,1,1000,2.039,0.000
hand_written_trigger,200,100000,10,1000,4.555,0.000
hand_written_trigger,200,100000,100,1000,20.574,0.000
hand_written_trigger,200,100000,1000,1000,169.867,0.000
hand_written_trigger,200,1000000,1,1000,1.942,0.000
hand_written_trigger,200,1000000,10,1000,4.330,0.000
hand_written_trigger,200,1000000,100,1000,21.536,0.000
hand_written_trigger,200,1000000,1000,1000,179.825,0.000
naive_recompute,1,10000,1,1000,0.005,2.128
naive_recompute,1,10000,10,1000,0.009,2.116
naive_recompute,1,10000,100,1000,0.038,2.119
naive_recompute,1,10000,1000,1000,0.256,2.197
naive_recompute,1,100000,1,1000,0.012,26.972
naive_recompute,1,100000,10,1000,0.010,27.127
naive_recompute,1,100000,100,1000,0.046,26.958
naive_recompute,1,100000,1000,1000,0.387,27.608
naive_recompute,1,1000000,1,1000,0.008,291.495
naive_recompute,1,1000000,10,1000,0.020,291.029
naive_recompute,1,1000000,100,1000,0.070,289.332
naive_recompute,1,1000000,1000,1000,0.578,290.768
naive_recompute,50,10000,1,1000,0.006,78.047
naive_recompute,50,10000,10,1000,0.013,77.963
naive_recompute,50,10000,100,1000,0.042,78.198
naive_recompute,50,10000,1000,1000,0.264,80.702
naive_recompute,50,100000,1,1000,0.004,905.210
naive_recompute,50,100000,10,1000,0.011,902.321
naive_recompute,50,100000,100,1000,0.050,901.816
naive_recompute,50,100000,1000,1000,0.395,906.381
naive_recompute,50,1000000,1,1000,0.014,10128.282
naive_recompute,50,1000000,10,1000,0.022,9945.407
naive_recompute,50,1000000,100,1000,0.069,9968.462
naive_recompute,50,1000000,1000,1000,0.581,10144.002
naive_recompute,200,10000,1,1000,0.006,301.987
naive_recompute,200,10000,10,1000,0.010,301.415
naive_recompute,200,10000,100,1000,0.051,301.971
naive_recompute,200,10000,1000,1000,0.274,310.961
naive_recompute,200,100000,1,1000,0.005,3405.449
naive_recompute,200,100000,10,1000,0.012,3378.018
naive_recompute,200,100000,100,1000,0.047,3384.271
naive_recompute,200,100000,1000,1000,0.400,3383.284
naive_recompute,200,1000000,1,1000,0.009,38218.627
naive_recompute,200,1000000,10,1000,0.017,38377.128
naive_recompute,200,1000000,100,1000,0.072,38243.419
naive_recompute,200,1000000,1000,1000,0.642,38140.829
