label,engine,views,op,recursive_triggers,rows,apply_ms,us_per_row,extra_us_per_row,page_size,base_pages,base_free,bootstrapped_pages,bootstrapped_free,written_pages,written_free,maintained_pages,maintained_free
before,ivmlite,10,delete,false,1000,5.457,5.457,3.600,4096,1604,0,2138,0,2147,0,2207,9
before,ivmlite,10,delete,true,1000,5.507,5.507,3.650,4096,1604,0,2138,0,2147,0,2207,9
before,ivmlite,200,delete,false,1000,5.808,5.808,3.490,4096,1604,0,11977,0,11986,0,12047,149
before,ivmlite,200,delete,true,1000,5.180,5.180,3.300,4096,1604,0,11977,0,11986,0,12047,149
before,ivmlite,10,insert,false,1000,17.982,17.982,16.854,4096,1604,0,2138,0,2167,0,2220,10
before,ivmlite,10,insert,true,1000,18.580,18.580,17.446,4096,1604,0,2138,0,2167,0,2220,10
before,ivmlite,200,insert,false,1000,91.593,91.593,90.474,4096,1604,0,11977,0,12006,0,12060,167
before,ivmlite,200,insert,true,1000,91.182,91.182,90.050,4096,1604,0,11977,0,12006,0,12060,167
before,ivmlite,10,replace_rowid,false,1000,24.236,24.236,20.035,4096,1604,0,2138,0,2170,0,2337,18
before,ivmlite,10,replace_rowid,true,1000,24.306,24.306,20.013,4096,1604,0,2138,0,2170,0,2337,18
before,ivmlite,200,replace_rowid,false,1000,98.189,98.189,93.927,4096,1604,0,11977,0,12009,0,14199,18
before,ivmlite,200,replace_rowid,true,1000,98.003,98.003,93.710,4096,1604,0,11977,0,12009,0,14199,18
before,ivmlite,10,replace_two,false,1000,28.560,28.560,22.725,4096,1604,0,2138,0,2172,0,2392,28
before,ivmlite,10,replace_two,true,1000,27.766,27.766,21.794,4096,1604,0,2138,0,2172,0,2392,28
before,ivmlite,200,replace_two,false,1000,102.368,102.368,96.222,4096,1604,0,11977,0,12011,0,15397,28
before,ivmlite,200,replace_two,true,1000,105.499,105.499,98.981,4096,1604,0,11977,0,12011,0,15397,28
before,ivmlite,10,replace_unique,false,1000,24.375,24.375,19.735,4096,1604,0,2138,0,2168,0,2327,18
before,ivmlite,10,replace_unique,true,1000,24.063,24.063,19.875,4096,1604,0,2138,0,2168,0,2327,18
before,ivmlite,200,replace_unique,false,1000,97.693,97.693,93.405,4096,1604,0,11977,0,12007,0,14119,18
before,ivmlite,200,replace_unique,true,1000,97.408,97.408,92.987,4096,1604,0,11977,0,12007,0,14119,18
before,ivmlite,10,update,false,1000,18.204,18.204,17.392,4096,1604,0,2138,0,2165,0,2330,18
before,ivmlite,10,update,true,1000,18.259,18.259,17.429,4096,1604,0,2138,0,2165,0,2330,18
before,ivmlite,200,update,false,1000,92.982,92.982,92.101,4096,1604,0,11977,0,12004,0,14141,18
before,ivmlite,200,update,true,1000,92.487,92.487,91.602,4096,1604,0,11977,0,12004,0,14141,18
index,ivmlite,10,delete,false,1000,5.757,5.757,3.372,4096,1604,0,2198,0,2207,0,2267,9
index,ivmlite,10,delete,true,1000,5.016,5.016,2.801,4096,1604,0,2198,0,2207,0,2267,9
index,ivmlite,200,delete,false,1000,4.985,4.985,2.967,4096,1604,0,13177,0,13186,0,13247,149
index,ivmlite,200,delete,true,1000,5.028,5.028,3.177,4096,1604,0,13177,0,13186,0,13247,149
index,ivmlite,10,insert,false,1000,20.332,20.332,19.166,4096,1604,0,2198,0,2227,0,2280,10
index,ivmlite,10,insert,true,1000,20.079,20.079,18.929,4096,1604,0,2198,0,2227,0,2280,10
index,ivmlite,200,insert,false,1000,110.487,110.487,109.349,4096,1604,0,13177,0,13206,0,13260,167
index,ivmlite,200,insert,true,1000,108.843,108.843,107.724,4096,1604,0,13177,0,13206,0,13260,167
index,ivmlite,10,replace_rowid,false,1000,25.566,25.566,20.944,4096,1604,0,2198,0,2230,0,2397,18
index,ivmlite,10,replace_rowid,true,1000,25.670,25.670,20.794,4096,1604,0,2198,0,2230,0,2397,18
index,ivmlite,200,replace_rowid,false,1000,116.182,116.182,111.814,4096,1604,0,13177,0,13209,0,15399,18
index,ivmlite,200,replace_rowid,true,1000,116.003,116.003,110.960,4096,1604,0,13177,0,13209,0,15399,18
index,ivmlite,10,replace_two,false,1000,30.227,30.227,23.661,4096,1604,0,2198,0,2232,0,2452,28
index,ivmlite,10,replace_two,true,1000,29.985,29.985,23.878,4096,1604,0,2198,0,2232,0,2452,28
index,ivmlite,200,replace_two,false,1000,120.244,120.244,113.583,4096,1604,0,13177,0,13211,0,16597,28
index,ivmlite,200,replace_two,true,1000,119.390,119.390,113.414,4096,1604,0,13177,0,13211,0,16597,28
index,ivmlite,10,replace_unique,false,1000,25.982,25.982,21.569,4096,1604,0,2198,0,2228,0,2387,18
index,ivmlite,10,replace_unique,true,1000,25.332,25.332,19.992,4096,1604,0,2198,0,2228,0,2387,18
index,ivmlite,200,replace_unique,false,1000,115.996,115.996,111.639,4096,1604,0,13177,0,13207,0,15319,18
index,ivmlite,200,replace_unique,true,1000,115.606,115.606,111.282,4096,1604,0,13177,0,13207,0,15319,18
index,ivmlite,10,update,false,1000,21.438,21.438,20.596,4096,1604,0,2198,0,2225,0,2390,18
index,ivmlite,10,update,true,1000,19.682,19.682,18.620,4096,1604,0,2198,0,2225,0,2390,18
index,ivmlite,200,update,false,1000,110.283,110.283,109.404,4096,1604,0,13177,0,13204,0,15341,18
index,ivmlite,200,update,true,1000,111.537,111.537,110.645,4096,1604,0,13177,0,13204,0,15341,18
latch,ivmlite,10,delete,false,1000,5.080,5.080,3.126,4096,1604,0,2198,0,2207,0,2267,9
latch,ivmlite,10,delete,true,1000,4.983,4.983,3.071,4096,1604,0,2198,0,2207,0,2267,9
latch,ivmlite,200,delete,false,1000,5.068,5.068,3.180,4096,1604,0,13177,0,13186,0,13247,149
latch,ivmlite,200,delete,true,1000,5.114,5.114,3.203,4096,1604,0,13177,0,13186,0,13247,149
latch,ivmlite,10,insert,false,1000,15.477,15.477,14.347,4096,1604,0,2198,0,2227,0,2280,10
latch,ivmlite,10,insert,true,1000,15.370,15.370,14.239,4096,1604,0,2198,0,2227,0,2280,10
latch,ivmlite,200,insert,false,1000,61.194,61.194,60.080,4096,1604,0,13177,0,13206,0,13260,167
latch,ivmlite,200,insert,true,1000,59.956,59.956,58.842,4096,1604,0,13177,0,13206,0,13260,167
latch,ivmlite,10,replace_rowid,false,1000,21.677,21.677,17.408,4096,1604,0,2198,0,2230,0,2397,18
latch,ivmlite,10,replace_rowid,true,1000,21.692,21.692,17.305,4096,1604,0,2198,0,2230,0,2397,18
latch,ivmlite,200,replace_rowid,false,1000,67.171,67.171,62.836,4096,1604,0,13177,0,13209,0,15399,18
latch,ivmlite,200,replace_rowid,true,1000,67.373,67.373,63.035,4096,1604,0,13177,0,13209,0,15399,18
latch,ivmlite,10,replace_two,false,1000,26.473,26.473,20.421,4096,1604,0,2198,0,2232,0,2452,28
latch,ivmlite,10,replace_two,true,1000,25.409,25.409,19.544,4096,1604,0,2198,0,2232,0,2452,28
latch,ivmlite,200,replace_two,false,1000,72.469,72.469,66.445,4096,1604,0,13177,0,13211,0,16597,28
latch,ivmlite,200,replace_two,true,1000,72.049,72.049,65.632,4096,1604,0,13177,0,13211,0,16597,28
latch,ivmlite,10,replace_unique,false,1000,22.092,22.092,17.780,4096,1604,0,2198,0,2228,0,2387,18
latch,ivmlite,10,replace_unique,true,1000,21.391,21.391,16.881,4096,1604,0,2198,0,2228,0,2387,18
latch,ivmlite,200,replace_unique,false,1000,68.482,68.482,63.638,4096,1604,0,13177,0,13207,0,15319,18
latch,ivmlite,200,replace_unique,true,1000,68.037,68.037,63.626,4096,1604,0,13177,0,13207,0,15319,18
latch,ivmlite,10,update,false,1000,15.609,15.609,14.750,4096,1604,0,2198,0,2225,0,2390,18
latch,ivmlite,10,update,true,1000,15.684,15.684,14.861,4096,1604,0,2198,0,2225,0,2390,18
latch,ivmlite,200,update,false,1000,61.925,61.925,61.054,4096,1604,0,13177,0,13204,0,15341,18
latch,ivmlite,200,update,true,1000,60.471,60.471,59.638,4096,1604,0,13177,0,13204,0,15341,18
