label,repeat,engine,views,base_rows,batch_size,group_cardinality,bootstrap_ms,apply_ms,maintain_ms,page_size,base_pages,base_free,bootstrapped_pages,bootstrapped_free,written_pages,written_free,maintained_pages,maintained_free
before,0,ivmlite,10,100000,1000,1000,962.105,9.937,149.998,4096,372,0,905,0,912,0,964,5
before,0,ivmlite,10,100000,1000,100000,6490.484,9.554,17667.193,4096,421,0,41613,0,41622,0,41622,22112
before,0,ivmlite,200,100000,100,100000,102365.293,6.229,20390.298,4096,421,0,623592,0,623592,0,623592,339334
before,0,ivmlite,200,100000,1000,1000,16965.179,62.783,2917.557,4096,372,0,10736,0,10743,0,10796,244
before,0,naive_recompute,10,100000,1000,1000,0.000,0.962,245.377,4096,372,0,372,0,374,0,374,0
before,0,naive_recompute,10,100000,1000,100000,0.000,0.451,307.332,4096,421,0,421,0,424,0,424,0
before,0,naive_recompute,200,100000,100,100000,0.000,0.074,6421.228,4096,421,0,421,0,421,0,421,0
before,0,naive_recompute,200,100000,1000,1000,0.000,0.708,3661.989,4096,372,0,372,0,374,0,374,0
before,1,ivmlite,10,100000,1000,1000,951.924,9.426,147.297,4096,372,0,905,0,912,0,964,5
before,1,ivmlite,10,100000,1000,100000,6437.538,10.251,17451.646,4096,421,0,41613,0,41622,0,41622,22112
before,1,ivmlite,200,100000,100,100000,101961.786,7.217,20452.955,4096,421,0,623592,0,623592,0,623592,339334
before,1,ivmlite,200,100000,1000,1000,16831.585,61.393,2915.508,4096,372,0,10736,0,10743,0,10796,244
before,1,naive_recompute,10,100000,1000,1000,0.000,0.537,241.399,4096,372,0,372,0,374,0,374,0
before,1,naive_recompute,10,100000,1000,100000,0.000,0.451,311.188,4096,421,0,421,0,424,0,424,0
before,1,naive_recompute,200,100000,100,100000,0.000,1.141,6556.158,4096,421,0,421,0,421,0,421,0
before,1,naive_recompute,200,100000,1000,1000,0.000,0.607,3571.721,4096,372,0,372,0,374,0,374,0
before,2,ivmlite,10,100000,1000,1000,957.249,9.543,145.298,4096,372,0,905,0,912,0,964,5
before,2,ivmlite,10,100000,1000,100000,6478.871,10.024,17500.411,4096,421,0,41613,0,41622,0,41622,22112
before,2,ivmlite,200,100000,100,100000,97514.774,6.047,18695.643,4096,421,0,623592,0,623592,0,623592,339334
before,2,ivmlite,200,100000,1000,1000,16889.285,62.090,2972.718,4096,372,0,10736,0,10743,0,10796,244
before,2,naive_recompute,10,100000,1000,1000,0.000,0.477,241.156,4096,372,0,372,0,374,0,374,0
before,2,naive_recompute,10,100000,1000,100000,0.000,0.434,309.417,4096,421,0,421,0,424,0,424,0
before,2,naive_recompute,200,100000,100,100000,0.000,0.117,6493.785,4096,421,0,421,0,421,0,421,0
before,2,naive_recompute,200,100000,1000,1000,0.000,0.810,3602.764,4096,372,0,372,0,374,0,374,0
before,3,ivmlite,10,100000,1000,1000,963.781,9.460,150.613,4096,372,0,905,0,912,0,964,5
before,3,ivmlite,10,100000,1000,100000,6823.643,10.020,17609.289,4096,421,0,41613,0,41622,0,41622,22112
before,3,ivmlite,200,100000,100,100000,95873.856,5.847,19144.789,4096,421,0,623592,0,623592,0,623592,339334
before,3,ivmlite,200,100000,1000,1000,17634.226,62.559,2934.823,4096,372,0,10736,0,10743,0,10796,244
before,3,naive_recompute,10,100000,1000,1000,0.000,0.411,241.575,4096,372,0,372,0,374,0,374,0
before,3,naive_recompute,10,100000,1000,100000,0.000,0.467,308.132,4096,421,0,421,0,424,0,424,0
before,3,naive_recompute,200,100000,100,100000,0.000,0.064,6203.043,4096,421,0,421,0,421,0,421,0
before,3,naive_recompute,200,100000,1000,1000,0.000,0.664,3654.128,4096,372,0,372,0,374,0,374,0
before,4,ivmlite,10,100000,1000,1000,946.416,9.755,150.174,4096,372,0,905,0,912,0,964,5
before,4,ivmlite,10,100000,1000,100000,6441.567,9.676,17605.737,4096,421,0,41613,0,41622,0,41622,22112
before,4,ivmlite,200,100000,100,100000,95595.007,5.977,18823.658,4096,421,0,623592,0,623592,0,623592,339334
before,4,ivmlite,200,100000,1000,1000,17454.616,63.055,2935.070,4096,372,0,10736,0,10743,0,10796,244
before,4,naive_recompute,10,100000,1000,1000,0.000,0.577,245.239,4096,372,0,372,0,374,0,374,0
before,4,naive_recompute,10,100000,1000,100000,0.000,0.462,305.782,4096,421,0,421,0,424,0,424,0
before,4,naive_recompute,200,100000,100,100000,0.000,0.062,6187.140,4096,421,0,421,0,421,0,421,0
before,4,naive_recompute,200,100000,1000,1000,0.000,0.838,3635.256,4096,372,0,372,0,374,0,374,0
index,0,ivmlite,10,100000,1000,1000,907.062,10.206,81.334,4096,372,0,965,0,972,0,1024,5
index,0,ivmlite,10,100000,1000,100000,6604.659,10.096,126.902,4096,421,0,45826,0,45835,0,45835,22112
index,0,ivmlite,200,100000,100,100000,100975.602,7.297,1322.336,4096,421,0,687337,0,687337,0,687337,339334
index,0,ivmlite,200,100000,1000,1000,15914.265,71.031,1650.094,4096,372,0,11936,0,11943,0,11996,244
index,0,naive_recompute,10,100000,1000,1000,0.000,0.440,233.515,4096,372,0,372,0,374,0,374,0
index,0,naive_recompute,10,100000,1000,100000,0.000,0.497,305.755,4096,421,0,421,0,424,0,424,0
index,0,naive_recompute,200,100000,100,100000,0.000,0.064,6106.850,4096,421,0,421,0,421,0,421,0
index,0,naive_recompute,200,100000,1000,1000,0.000,0.561,3497.512,4096,372,0,372,0,374,0,374,0
index,1,ivmlite,10,100000,1000,1000,915.336,10.244,82.835,4096,372,0,965,0,972,0,1024,5
index,1,ivmlite,10,100000,1000,100000,6565.424,10.216,127.782,4096,421,0,45826,0,45835,0,45835,22112
index,1,ivmlite,200,100000,100,100000,100539.025,7.825,1310.343,4096,421,0,687337,0,687337,0,687337,339334
index,1,ivmlite,200,100000,1000,1000,15697.787,72.101,1637.594,4096,372,0,11936,0,11943,0,11996,244
index,1,naive_recompute,10,100000,1000,1000,0.000,0.395,234.550,4096,372,0,372,0,374,0,374,0
index,1,naive_recompute,10,100000,1000,100000,0.000,0.523,302.595,4096,421,0,421,0,424,0,424,0
index,1,naive_recompute,200,100000,100,100000,0.000,0.077,6355.508,4096,421,0,421,0,421,0,421,0
index,1,naive_recompute,200,100000,1000,1000,0.000,0.537,3424.782,4096,372,0,372,0,374,0,374,0
index,2,ivmlite,10,100000,1000,1000,903.367,10.089,95.882,4096,372,0,965,0,972,0,1024,5
index,2,ivmlite,10,100000,1000,100000,6572.154,10.016,123.700,4096,421,0,45826,0,45835,0,45835,22112
index,2,ivmlite,200,100000,100,100000,100756.905,7.368,1387.286,4096,421,0,687337,0,687337,0,687337,339334
index,2,ivmlite,200,100000,1000,1000,15716.887,70.831,1629.858,4096,372,0,11936,0,11943,0,11996,244
index,2,naive_recompute,10,100000,1000,1000,0.000,0.386,234.467,4096,372,0,372,0,374,0,374,0
index,2,naive_recompute,10,100000,1000,100000,0.000,0.411,303.887,4096,421,0,421,0,424,0,424,0
index,2,naive_recompute,200,100000,100,100000,0.000,0.119,6620.132,4096,421,0,421,0,421,0,421,0
index,2,naive_recompute,200,100000,1000,1000,0.000,0.554,3441.208,4096,372,0,372,0,374,0,374,0
index,3,ivmlite,10,100000,1000,1000,907.519,10.175,80.907,4096,372,0,965,0,972,0,1024,5
index,3,ivmlite,10,100000,1000,100000,6635.407,10.091,123.205,4096,421,0,45826,0,45835,0,45835,22112
index,3,ivmlite,200,100000,100,100000,100594.006,7.348,1353.097,4096,421,0,687337,0,687337,0,687337,339334
index,3,ivmlite,200,100000,1000,1000,15729.290,70.809,1641.068,4096,372,0,11936,0,11943,0,11996,244
index,3,naive_recompute,10,100000,1000,1000,0.000,0.437,235.209,4096,372,0,372,0,374,0,374,0
index,3,naive_recompute,10,100000,1000,100000,0.000,0.406,305.876,4096,421,0,421,0,424,0,424,0
index,3,naive_recompute,200,100000,100,100000,0.000,0.072,6240.898,4096,421,0,421,0,421,0,421,0
index,3,naive_recompute,200,100000,1000,1000,0.000,0.530,3426.488,4096,372,0,372,0,374,0,374,0
index,4,ivmlite,10,100000,1000,1000,922.445,10.260,81.163,4096,372,0,965,0,972,0,1024,5
index,4,ivmlite,10,100000,1000,100000,6579.594,10.106,122.925,4096,421,0,45826,0,45835,0,45835,22112
index,4,ivmlite,200,100000,100,100000,100789.899,7.310,1299.452,4096,421,0,687337,0,687337,0,687337,339334
index,4,ivmlite,200,100000,1000,1000,15727.894,70.732,1634.308,4096,372,0,11936,0,11943,0,11996,244
index,4,naive_recompute,10,100000,1000,1000,0.000,0.487,231.748,4096,372,0,372,0,374,0,374,0
index,4,naive_recompute,10,100000,1000,100000,0.000,0.401,301.614,4096,421,0,421,0,424,0,424,0
index,4,naive_recompute,200,100000,100,100000,0.000,0.089,6116.805,4096,421,0,421,0,421,0,421,0
index,4,naive_recompute,200,100000,1000,1000,0.000,0.538,3410.112,4096,372,0,372,0,374,0,374,0
latch,0,ivmlite,10,100000,1000,1000,895.513,7.490,79.900,4096,372,0,965,0,972,0,1024,5
latch,0,ivmlite,10,100000,1000,100000,6403.567,7.487,119.242,4096,421,0,45826,0,45835,0,45835,22112
latch,0,ivmlite,200,100000,100,100000,99415.785,4.369,1363.250,4096,421,0,687337,0,687337,0,687337,339334
latch,0,ivmlite,200,100000,1000,1000,15700.140,38.322,1617.676,4096,372,0,11936,0,11943,0,11996,244
latch,0,naive_recompute,10,100000,1000,1000,0.000,0.437,227.619,4096,372,0,372,0,374,0,374,0
latch,0,naive_recompute,10,100000,1000,100000,0.000,0.380,295.614,4096,421,0,421,0,424,0,424,0
latch,0,naive_recompute,200,100000,100,100000,0.000,0.064,6282.842,4096,421,0,421,0,421,0,421,0
latch,0,naive_recompute,200,100000,1000,1000,0.000,0.691,3532.819,4096,372,0,372,0,374,0,374,0
latch,1,ivmlite,10,100000,1000,1000,875.705,7.434,80.036,4096,372,0,965,0,972,0,1024,5
latch,1,ivmlite,10,100000,1000,100000,6402.291,7.511,120.375,4096,421,0,45826,0,45835,0,45835,22112
latch,1,ivmlite,200,100000,100,100000,99572.273,4.547,1357.882,4096,421,0,687337,0,687337,0,687337,339334
latch,1,ivmlite,200,100000,1000,1000,15702.258,38.286,1617.605,4096,372,0,11936,0,11943,0,11996,244
latch,1,naive_recompute,10,100000,1000,1000,0.000,0.455,228.266,4096,372,0,372,0,374,0,374,0
latch,1,naive_recompute,10,100000,1000,100000,0.000,0.395,296.387,4096,421,0,421,0,424,0,424,0
latch,1,naive_recompute,200,100000,100,100000,0.000,0.085,6169.902,4096,421,0,421,0,421,0,421,0
latch,1,naive_recompute,200,100000,1000,1000,0.000,0.959,3567.386,4096,372,0,372,0,374,0,374,0
latch,2,ivmlite,10,100000,1000,1000,882.998,7.461,79.386,4096,372,0,965,0,972,0,1024,5
latch,2,ivmlite,10,100000,1000,100000,6375.342,7.512,119.960,4096,421,0,45826,0,45835,0,45835,22112
latch,2,ivmlite,200,100000,100,100000,99622.755,3.978,1239.680,4096,421,0,687337,0,687337,0,687337,339334
latch,2,ivmlite,200,100000,1000,1000,15730.181,38.453,1625.650,4096,372,0,11936,0,11943,0,11996,244
latch,2,naive_recompute,10,100000,1000,1000,0.000,0.379,226.955,4096,372,0,372,0,374,0,374,0
latch,2,naive_recompute,10,100000,1000,100000,0.000,1.431,329.686,4096,421,0,421,0,424,0,424,0
latch,2,naive_recompute,200,100000,100,100000,0.000,0.088,6105.520,4096,421,0,421,0,421,0,421,0
latch,2,naive_recompute,200,100000,1000,1000,0.000,0.575,3431.528,4096,372,0,372,0,374,0,374,0
latch,3,ivmlite,10,100000,1000,1000,883.353,7.462,80.754,4096,372,0,965,0,972,0,1024,5
latch,3,ivmlite,10,100000,1000,100000,6368.944,7.519,119.682,4096,421,0,45826,0,45835,0,45835,22112
latch,3,ivmlite,200,100000,100,100000,99621.977,3.989,1239.857,4096,421,0,687337,0,687337,0,687337,339334
latch,3,ivmlite,200,100000,1000,1000,15825.030,38.189,1617.652,4096,372,0,11936,0,11943,0,11996,244
latch,3,naive_recompute,10,100000,1000,1000,0.000,0.380,228.270,4096,372,0,372,0,374,0,374,0
latch,3,naive_recompute,10,100000,1000,100000,0.000,0.395,296.698,4096,421,0,421,0,424,0,424,0
latch,3,naive_recompute,200,100000,100,100000,0.000,0.076,6447.079,4096,421,0,421,0,421,0,421,0
latch,3,naive_recompute,200,100000,1000,1000,0.000,0.531,3422.692,4096,372,0,372,0,374,0,374,0
latch,4,ivmlite,10,100000,1000,1000,876.879,7.439,79.406,4096,372,0,965,0,972,0,1024,5
latch,4,ivmlite,10,100000,1000,100000,6372.019,7.774,133.085,4096,421,0,45826,0,45835,0,45835,22112
latch,4,ivmlite,200,100000,100,100000,99394.958,4.350,1297.290,4096,421,0,687337,0,687337,0,687337,339334
latch,4,ivmlite,200,100000,1000,1000,15775.609,38.324,1620.529,4096,372,0,11936,0,11943,0,11996,244
latch,4,naive_recompute,10,100000,1000,1000,0.000,0.402,228.041,4096,372,0,372,0,374,0,374,0
latch,4,naive_recompute,10,100000,1000,100000,0.000,0.405,297.044,4096,421,0,421,0,424,0,424,0
latch,4,naive_recompute,200,100000,100,100000,0.000,0.127,6170.821,4096,421,0,421,0,421,0,421,0
latch,4,naive_recompute,200,100000,1000,1000,0.000,0.548,3453.907,4096,372,0,372,0,374,0,374,0
