engine,views,op,recursive_triggers,rows,apply_ms,us_per_row,extra_us_per_row,page_size,base_pages,base_free,bootstrapped_pages,bootstrapped_free,written_pages,written_free,maintained_pages,maintained_free
hand_written_trigger,0,delete,false,1000,1.844,1.844,-0.562,4096,1604,0,1604,0,1604,0,1604,0
ivmlite,0,delete,false,1000,3.190,3.190,0.784,4096,1604,0,1604,0,1604,0,1604,0
no_maintenance,0,delete,false,1000,2.406,2.406,0.000,4096,1604,0,1604,0,1604,0,1604,0
hand_written_trigger,0,delete,true,1000,2.291,2.291,0.147,4096,1604,0,1604,0,1604,0,1604,0
ivmlite,0,delete,true,1000,1.956,1.956,-0.189,4096,1604,0,1604,0,1604,0,1604,0
no_maintenance,0,delete,true,1000,2.145,2.145,0.000,4096,1604,0,1604,0,1604,0,1604,0
hand_written_trigger,1,delete,false,1000,4.978,4.978,2.655,4096,1604,0,1613,0,1613,0,1613,0
ivmlite,1,delete,false,1000,5.196,5.196,2.874,4096,1604,0,1679,0,1688,0,1697,9
no_maintenance,1,delete,false,1000,2.323,2.323,0.000,4096,1604,0,1604,0,1604,0,1604,0
hand_written_trigger,1,delete,true,1000,4.259,4.259,2.008,4096,1604,0,1613,0,1613,0,1613,0
ivmlite,1,delete,true,1000,4.487,4.487,2.236,4096,1604,0,1679,0,1688,0,1697,9
no_maintenance,1,delete,true,1000,2.251,2.251,0.000,4096,1604,0,1604,0,1604,0,1604,0
hand_written_trigger,10,delete,false,1000,15.469,15.469,13.539,4096,1604,0,1698,0,1698,0,1698,0
ivmlite,10,delete,false,1000,4.835,4.835,2.904,4096,1604,0,2198,0,2207,0,2267,9
no_maintenance,10,delete,false,1000,1.931,1.931,0.000,4096,1604,0,1604,0,1604,0,1604,0
hand_written_trigger,10,delete,true,1000,15.527,15.527,13.687,4096,1604,0,1698,0,1698,0,1698,0
ivmlite,10,delete,true,1000,4.776,4.776,2.935,4096,1604,0,2198,0,2207,0,2267,9
no_maintenance,10,delete,true,1000,1.840,1.840,0.000,4096,1604,0,1604,0,1604,0,1604,0
hand_written_trigger,50,delete,false,1000,52.884,52.884,50.997,4096,1604,0,2071,0,2071,0,2071,0
ivmlite,50,delete,false,1000,5.527,5.527,3.640,4096,1604,0,4508,0,4517,0,4578,44
no_maintenance,50,delete,false,1000,1.888,1.888,0.000,4096,1604,0,1604,0,1604,0,1604,0
hand_written_trigger,50,delete,true,1000,52.588,52.588,50.714,4096,1604,0,2071,0,2071,0,2071,0
ivmlite,50,delete,true,1000,4.797,4.797,2.924,4096,1604,0,4508,0,4517,0,4578,44
no_maintenance,50,delete,true,1000,1.874,1.874,0.000,4096,1604,0,1604,0,1604,0,1604,0
hand_written_trigger,200,delete,false,1000,200.814,200.814,198.156,4096,1604,0,3471,0,3471,0,3471,0
ivmlite,200,delete,false,1000,5.135,5.135,2.478,4096,1604,0,13177,0,13186,0,13247,149
no_maintenance,200,delete,false,1000,2.658,2.658,0.000,4096,1604,0,1604,0,1604,0,1604,0
hand_written_trigger,200,delete,true,1000,197.861,197.861,195.926,4096,1604,0,3471,0,3471,0,3471,0
ivmlite,200,delete,true,1000,5.015,5.015,3.080,4096,1604,0,13177,0,13186,0,13247,149
no_maintenance,200,delete,true,1000,1.935,1.935,0.000,4096,1604,0,1604,0,1604,0,1604,0
hand_written_trigger,0,insert,false,1000,1.171,1.171,0.025,4096,1604,0,1604,0,1623,0,1623,0
ivmlite,0,insert,false,1000,1.185,1.185,0.039,4096,1604,0,1604,0,1623,0,1623,0
no_maintenance,0,insert,false,1000,1.146,1.146,0.000,4096,1604,0,1604,0,1623,0,1623,0
hand_written_trigger,0,insert,true,1000,1.150,1.150,0.010,4096,1604,0,1604,0,1623,0,1623,0
ivmlite,0,insert,true,1000,1.191,1.191,0.050,4096,1604,0,1604,0,1623,0,1623,0
no_maintenance,0,insert,true,1000,1.141,1.141,0.000,4096,1604,0,1604,0,1623,0,1623,0
hand_written_trigger,1,insert,false,1000,3.605,3.605,2.473,4096,1604,0,1613,0,1632,0,1632,0
ivmlite,1,insert,false,1000,12.655,12.655,11.524,4096,1604,0,1679,0,1708,0,1716,10
no_maintenance,1,insert,false,1000,1.131,1.131,0.000,4096,1604,0,1604,0,1623,0,1623,0
hand_written_trigger,1,insert,true,1000,3.325,3.325,2.152,4096,1604,0,1613,0,1632,0,1632,0
ivmlite,1,insert,true,1000,18.604,18.604,17.430,4096,1604,0,1679,0,1708,0,1716,10
no_maintenance,1,insert,true,1000,1.174,1.174,0.000,4096,1604,0,1604,0,1623,0,1623,0
hand_written_trigger,10,insert,false,1000,13.146,13.146,11.999,4096,1604,0,1698,0,1717,0,1717,0
ivmlite,10,insert,false,1000,15.714,15.714,14.567,4096,1604,0,2198,0,2227,0,2280,10
no_maintenance,10,insert,false,1000,1.147,1.147,0.000,4096,1604,0,1604,0,1623,0,1623,0
hand_written_trigger,10,insert,true,1000,13.003,13.003,11.868,4096,1604,0,1698,0,1717,0,1717,0
ivmlite,10,insert,true,1000,15.518,15.518,14.383,4096,1604,0,2198,0,2227,0,2280,10
no_maintenance,10,insert,true,1000,1.135,1.135,0.000,4096,1604,0,1604,0,1623,0,1623,0
hand_written_trigger,50,insert,false,1000,45.296,45.296,44.107,4096,1604,0,2071,0,2090,0,2090,0
ivmlite,50,insert,false,1000,25.350,25.350,24.161,4096,1604,0,4508,0,4537,0,4591,49
no_maintenance,50,insert,false,1000,1.189,1.188,0.000,4096,1604,0,1604,0,1623,0,1623,0
hand_written_trigger,50,insert,true,1000,44.768,44.768,43.645,4096,1604,0,2071,0,2090,0,2090,0
ivmlite,50,insert,true,1000,25.457,25.457,24.335,4096,1604,0,4508,0,4537,0,4591,49
no_maintenance,50,insert,true,1000,1.122,1.122,0.000,4096,1604,0,1604,0,1623,0,1623,0
hand_written_trigger,200,insert,false,1000,167.945,167.945,166.816,4096,1604,0,3471,0,3490,0,3490,0
ivmlite,200,insert,false,1000,61.457,61.457,60.328,4096,1604,0,13177,0,13206,0,13260,167
no_maintenance,200,insert,false,1000,1.129,1.129,0.000,4096,1604,0,1604,0,1623,0,1623,0
hand_written_trigger,200,insert,true,1000,171.128,171.128,170.006,4096,1604,0,3471,0,3490,0,3490,0
ivmlite,200,insert,true,1000,60.537,60.537,59.415,4096,1604,0,13177,0,13206,0,13260,167
no_maintenance,200,insert,true,1000,1.122,1.122,0.000,4096,1604,0,1604,0,1623,0,1623,0
hand_written_trigger,0,replace_rowid,false,1000,4.361,4.361,-0.339,4096,1604,0,1604,0,1618,0,1618,0
ivmlite,0,replace_rowid,false,1000,4.225,4.225,-0.474,4096,1604,0,1604,0,1618,0,1618,0
no_maintenance,0,replace_rowid,false,1000,4.699,4.699,0.000,4096,1604,0,1604,0,1618,0,1618,0
hand_written_trigger,0,replace_rowid,true,1000,4.185,4.185,-1.167,4096,1604,0,1604,0,1618,0,1618,0
ivmlite,0,replace_rowid,true,1000,4.618,4.618,-0.734,4096,1604,0,1604,0,1618,0,1618,0
no_maintenance,0,replace_rowid,true,1000,5.352,5.352,0.000,4096,1604,0,1604,0,1618,0,1618,0
hand_written_trigger,1,replace_rowid,false,1000,6.146,6.146,1.739,4096,1604,0,1613,0,1627,0,1627,0
ivmlite,1,replace_rowid,false,1000,19.393,19.393,14.986,4096,1604,0,1679,0,1711,0,1731,19
no_maintenance,1,replace_rowid,false,1000,4.408,4.408,0.000,4096,1604,0,1604,0,1618,0,1618,0
hand_written_trigger,1,replace_rowid,true,1000,8.913,8.913,4.196,4096,1604,0,1613,0,1627,0,1627,0
ivmlite,1,replace_rowid,true,1000,19.990,19.990,15.273,4096,1604,0,1679,0,1711,0,1731,19
no_maintenance,1,replace_rowid,true,1000,4.717,4.717,0.000,4096,1604,0,1604,0,1618,0,1618,0
hand_written_trigger,10,replace_rowid,false,1000,15.432,15.432,11.039,4096,1604,0,1698,0,1712,0,1712,0
ivmlite,10,replace_rowid,false,1000,22.061,22.061,17.669,4096,1604,0,2198,0,2230,0,2397,18
no_maintenance,10,replace_rowid,false,1000,4.393,4.393,0.000,4096,1604,0,1604,0,1618,0,1618,0
hand_written_trigger,10,replace_rowid,true,1000,28.927,28.927,24.630,4096,1604,0,1698,0,1712,0,1712,0
ivmlite,10,replace_rowid,true,1000,22.951,22.951,18.653,4096,1604,0,2198,0,2230,0,2397,18
no_maintenance,10,replace_rowid,true,1000,4.298,4.298,0.000,4096,1604,0,1604,0,1618,0,1618,0
hand_written_trigger,50,replace_rowid,false,1000,47.680,47.680,43.351,4096,1604,0,2071,0,2085,0,2085,0
ivmlite,50,replace_rowid,false,1000,32.206,32.206,27.876,4096,1604,0,4508,0,4540,0,5126,18
no_maintenance,50,replace_rowid,false,1000,4.329,4.329,0.000,4096,1604,0,1604,0,1618,0,1618,0
hand_written_trigger,50,replace_rowid,true,1000,96.666,96.666,92.342,4096,1604,0,2071,0,2085,0,2085,0
ivmlite,50,replace_rowid,true,1000,31.879,31.879,27.555,4096,1604,0,4508,0,4540,0,5126,18
no_maintenance,50,replace_rowid,true,1000,4.324,4.324,0.000,4096,1604,0,1604,0,1618,0,1618,0
hand_written_trigger,200,replace_rowid,false,1000,173.469,173.469,169.217,4096,1604,0,3471,0,3485,0,3485,0
ivmlite,200,replace_rowid,false,1000,68.838,68.838,64.586,4096,1604,0,13177,0,13209,0,15399,18
no_maintenance,200,replace_rowid,false,1000,4.252,4.252,0.000,4096,1604,0,1604,0,1618,0,1618,0
hand_written_trigger,200,replace_rowid,true,1000,385.465,385.465,380.626,4096,1604,0,3471,0,3485,0,3485,0
ivmlite,200,replace_rowid,true,1000,73.786,73.786,68.947,4096,1604,0,13177,0,13209,0,15399,18
no_maintenance,200,replace_rowid,true,1000,4.839,4.839,0.000,4096,1604,0,1604,0,1618,0,1618,0
hand_written_trigger,0,replace_two,false,1000,6.059,6.059,-0.242,4096,1604,0,1604,0,1611,0,1611,0
ivmlite,0,replace_two,false,1000,5.947,5.947,-0.354,4096,1604,0,1604,0,1611,0,1611,0
no_maintenance,0,replace_two,false,1000,6.302,6.302,0.000,4096,1604,0,1604,0,1611,0,1611,0
hand_written_trigger,0,replace_two,true,1000,6.254,6.254,-0.467,4096,1604,0,1604,0,1611,0,1611,0
ivmlite,0,replace_two,true,1000,7.029,7.029,0.309,4096,1604,0,1604,0,1611,0,1611,0
no_maintenance,0,replace_two,true,1000,6.720,6.720,0.000,4096,1604,0,1604,0,1611,0,1611,0
hand_written_trigger,1,replace_two,false,1000,7.436,7.436,0.992,4096,1604,0,1613,0,1620,0,1620,0
ivmlite,1,replace_two,false,1000,23.799,23.799,17.354,4096,1604,0,1679,0,1713,0,1737,27
no_maintenance,1,replace_two,false,1000,6.444,6.444,0.000,4096,1604,0,1604,0,1611,0,1611,0
hand_written_trigger,1,replace_two,true,1000,10.601,10.601,3.201,4096,1604,0,1613,0,1620,0,1620,0
ivmlite,1,replace_two,true,1000,23.644,23.644,16.243,4096,1604,0,1679,0,1713,0,1737,27
no_maintenance,1,replace_two,true,1000,7.401,7.401,0.000,4096,1604,0,1604,0,1611,0,1611,0
hand_written_trigger,10,replace_two,false,1000,17.909,17.909,11.590,4096,1604,0,1698,0,1705,0,1705,0
ivmlite,10,replace_two,false,1000,26.717,26.717,20.398,4096,1604,0,2198,0,2232,0,2452,28
no_maintenance,10,replace_two,false,1000,6.319,6.319,0.000,4096,1604,0,1604,0,1611,0,1611,0
hand_written_trigger,10,replace_two,true,1000,43.841,43.841,37.580,4096,1604,0,1698,0,1705,0,1705,0
ivmlite,10,replace_two,true,1000,26.154,26.154,19.893,4096,1604,0,2198,0,2232,0,2452,28
no_maintenance,10,replace_two,true,1000,6.261,6.261,0.000,4096,1604,0,1604,0,1611,0,1611,0
hand_written_trigger,50,replace_two,false,1000,49.819,49.819,43.669,4096,1604,0,2071,0,2078,0,2078,0
ivmlite,50,replace_two,false,1000,37.185,37.185,31.035,4096,1604,0,4508,0,4542,0,5423,28
no_maintenance,50,replace_two,false,1000,6.150,6.150,0.000,4096,1604,0,1604,0,1611,0,1611,0
hand_written_trigger,50,replace_two,true,1000,146.005,146.005,139.722,4096,1604,0,2071,0,2078,0,2078,0
ivmlite,50,replace_two,true,1000,35.283,35.283,28.999,4096,1604,0,4508,0,4542,0,5423,28
no_maintenance,50,replace_two,true,1000,6.284,6.284,0.000,4096,1604,0,1604,0,1611,0,1611,0
hand_written_trigger,200,replace_two,false,1000,177.960,177.960,172.023,4096,1604,0,3471,0,3478,0,3478,0
ivmlite,200,replace_two,false,1000,71.443,71.443,65.506,4096,1604,0,13177,0,13211,0,16597,28
no_maintenance,200,replace_two,false,1000,5.936,5.936,0.000,4096,1604,0,1604,0,1611,0,1611,0
hand_written_trigger,200,replace_two,true,1000,547.334,547.334,541.182,4096,1604,0,3471,0,3478,0,3478,0
ivmlite,200,replace_two,true,1000,70.773,70.773,64.622,4096,1604,0,13177,0,13211,0,16597,28
no_maintenance,200,replace_two,true,1000,6.152,6.152,0.000,4096,1604,0,1604,0,1611,0,1611,0
hand_written_trigger,0,replace_unique,false,1000,4.662,4.662,-0.031,4096,1604,0,1604,0,1616,0,1616,0
ivmlite,0,replace_unique,false,1000,4.822,4.822,0.129,4096,1604,0,1604,0,1616,0,1616,0
no_maintenance,0,replace_unique,false,1000,4.693,4.693,0.000,4096,1604,0,1604,0,1616,0,1616,0
hand_written_trigger,0,replace_unique,true,1000,5.107,5.107,0.633,4096,1604,0,1604,0,1616,0,1616,0
ivmlite,0,replace_unique,true,1000,4.627,4.627,0.153,4096,1604,0,1604,0,1616,0,1616,0
no_maintenance,0,replace_unique,true,1000,4.474,4.474,0.000,4096,1604,0,1604,0,1616,0,1616,0
hand_written_trigger,1,replace_unique,false,1000,5.397,5.397,1.055,4096,1604,0,1613,0,1625,0,1625,0
ivmlite,1,replace_unique,false,1000,19.614,19.614,15.272,4096,1604,0,1679,0,1709,0,1728,19
no_maintenance,1,replace_unique,false,1000,4.342,4.342,0.000,4096,1604,0,1604,0,1616,0,1616,0
hand_written_trigger,1,replace_unique,true,1000,7.127,7.127,2.783,4096,1604,0,1613,0,1625,0,1625,0
ivmlite,1,replace_unique,true,1000,19.334,19.334,14.990,4096,1604,0,1679,0,1709,0,1728,19
no_maintenance,1,replace_unique,true,1000,4.344,4.344,0.000,4096,1604,0,1604,0,1616,0,1616,0
hand_written_trigger,10,replace_unique,false,1000,15.362,15.362,9.983,4096,1604,0,1698,0,1710,0,1710,0
ivmlite,10,replace_unique,false,1000,22.347,22.347,16.968,4096,1604,0,2198,0,2228,0,2387,18
no_maintenance,10,replace_unique,false,1000,5.379,5.379,0.000,4096,1604,0,1604,0,1616,0,1616,0
hand_written_trigger,10,replace_unique,true,1000,29.458,29.458,24.999,4096,1604,0,1698,0,1710,0,1710,0
ivmlite,10,replace_unique,true,1000,21.640,21.640,17.181,4096,1604,0,2198,0,2228,0,2387,18
no_maintenance,10,replace_unique,true,1000,4.458,4.458,0.000,4096,1604,0,1604,0,1616,0,1616,0
hand_written_trigger,50,replace_unique,false,1000,47.194,47.194,42.841,4096,1604,0,2071,0,2083,0,2083,0
ivmlite,50,replace_unique,false,1000,32.632,32.632,28.279,4096,1604,0,4508,0,4538,0,5100,18
no_maintenance,50,replace_unique,false,1000,4.353,4.353,0.000,4096,1604,0,1604,0,1616,0,1616,0
hand_written_trigger,50,replace_unique,true,1000,95.598,95.598,91.293,4096,1604,0,2071,0,2083,0,2083,0
ivmlite,50,replace_unique,true,1000,33.734,33.734,29.429,4096,1604,0,4508,0,4538,0,5100,18
no_maintenance,50,replace_unique,true,1000,4.305,4.305,0.000,4096,1604,0,1604,0,1616,0,1616,0
hand_written_trigger,200,replace_unique,false,1000,184.541,184.541,179.801,4096,1604,0,3471,0,3483,0,3483,0
ivmlite,200,replace_unique,false,1000,69.034,69.034,64.294,4096,1604,0,13177,0,13207,0,15319,18
no_maintenance,200,replace_unique,false,1000,4.740,4.740,0.000,4096,1604,0,1604,0,1616,0,1616,0
hand_written_trigger,200,replace_unique,true,1000,378.367,378.367,373.896,4096,1604,0,3471,0,3483,0,3483,0
ivmlite,200,replace_unique,true,1000,70.273,70.273,65.802,4096,1604,0,13177,0,13207,0,15319,18
no_maintenance,200,replace_unique,true,1000,4.471,4.471,0.000,4096,1604,0,1604,0,1616,0,1616,0
hand_written_trigger,0,update,false,1000,0.852,0.852,0.033,4096,1604,0,1604,0,1613,0,1613,0
ivmlite,0,update,false,1000,0.851,0.851,0.032,4096,1604,0,1604,0,1613,0,1613,0
no_maintenance,0,update,false,1000,0.819,0.819,0.000,4096,1604,0,1604,0,1613,0,1613,0
hand_written_trigger,0,update,true,1000,0.910,0.910,0.067,4096,1604,0,1604,0,1613,0,1613,0
ivmlite,0,update,true,1000,0.832,0.832,-0.011,4096,1604,0,1604,0,1613,0,1613,0
no_maintenance,0,update,true,1000,0.842,0.842,0.000,4096,1604,0,1604,0,1613,0,1613,0
hand_written_trigger,1,update,false,1000,3.393,3.393,2.139,4096,1604,0,1613,0,1622,0,1622,0
ivmlite,1,update,false,1000,17.123,17.123,15.869,4096,1604,0,1679,0,1706,0,1726,19
no_maintenance,1,update,false,1000,1.254,1.254,0.000,4096,1604,0,1604,0,1613,0,1613,0
hand_written_trigger,1,update,true,1000,3.518,3.518,2.565,4096,1604,0,1613,0,1622,0,1622,0
ivmlite,1,update,true,1000,13.348,13.348,12.395,4096,1604,0,1679,0,1706,0,1726,19
no_maintenance,1,update,true,1000,0.953,0.953,0.000,4096,1604,0,1604,0,1613,0,1613,0
hand_written_trigger,10,update,false,1000,23.526,23.526,22.514,4096,1604,0,1698,0,1707,0,1707,0
ivmlite,10,update,false,1000,15.830,15.830,14.819,4096,1604,0,2198,0,2225,0,2390,18
no_maintenance,10,update,false,1000,1.011,1.011,0.000,4096,1604,0,1604,0,1613,0,1613,0
hand_written_trigger,10,update,true,1000,23.297,23.297,22.452,4096,1604,0,1698,0,1707,0,1707,0
ivmlite,10,update,true,1000,15.800,15.800,14.955,4096,1604,0,2198,0,2225,0,2390,18
no_maintenance,10,update,true,1000,0.845,0.845,0.000,4096,1604,0,1604,0,1613,0,1613,0
hand_written_trigger,50,update,false,1000,89.634,89.634,88.795,4096,1604,0,2071,0,2080,0,2080,0
ivmlite,50,update,false,1000,25.819,25.819,24.980,4096,1604,0,4508,0,4535,0,5108,18
no_maintenance,50,update,false,1000,0.839,0.839,0.000,4096,1604,0,1604,0,1613,0,1613,0
hand_written_trigger,50,update,true,1000,92.867,92.867,92.015,4096,1604,0,2071,0,2080,0,2080,0
ivmlite,50,update,true,1000,25.829,25.829,24.978,4096,1604,0,4508,0,4535,0,5108,18
no_maintenance,50,update,true,1000,0.851,0.851,0.000,4096,1604,0,1604,0,1613,0,1613,0
hand_written_trigger,200,update,false,1000,356.993,356.993,356.094,4096,1604,0,3471,0,3480,0,3480,0
ivmlite,200,update,false,1000,61.028,61.028,60.129,4096,1604,0,13177,0,13204,0,15341,18
no_maintenance,200,update,false,1000,0.899,0.899,0.000,4096,1604,0,1604,0,1613,0,1613,0
hand_written_trigger,200,update,true,1000,362.625,362.625,361.691,4096,1604,0,3471,0,3480,0,3480,0
ivmlite,200,update,true,1000,60.787,60.787,59.853,4096,1604,0,13177,0,13204,0,15341,18
no_maintenance,200,update,true,1000,0.934,0.934,0.000,4096,1604,0,1604,0,1613,0,1613,0
