repeat,engine,views,base_rows,batch_size,group_cardinality,bootstrap_ms,apply_ms,maintain_ms,page_size,base_pages,base_free,bootstrapped_pages,bootstrapped_free,written_pages,written_free,maintained_pages,maintained_free
0,hand_written_trigger,1,10000,100,1000,3.539,0.211,0.000,4096,37,0,46,0,47,0,47,0
0,hand_written_trigger,1,100000,1000,1000,56.468,2.310,0.000,4096,372,0,381,0,383,0,383,0
0,hand_written_trigger,10,10000,100,1000,23.831,1.388,0.000,4096,37,0,129,0,130,0,130,0
0,hand_written_trigger,10,10000,1000,10,20.736,9.985,0.000,4096,33,0,55,0,57,0,57,0
0,hand_written_trigger,10,100000,1000,1000,267.629,11.865,0.000,4096,372,0,464,0,466,0,466,0
0,hand_written_trigger,10,100000,1000,100000,405.003,36.985,0.000,4096,421,0,7370,0,7504,0,7504,0
0,hand_written_trigger,50,10000,1,1000,90.603,0.026,0.000,4096,37,0,498,0,498,0,498,0
0,hand_written_trigger,50,10000,10,1000,91.134,0.873,0.000,4096,37,0,498,0,498,0,498,0
0,hand_written_trigger,50,10000,100,1000,90.847,5.540,0.000,4096,37,0,498,0,500,0,500,0
0,hand_written_trigger,50,100000,1000,1000,1106.692,47.681,0.000,4096,372,0,833,0,835,0,835,0
0,hand_written_trigger,200,10000,1,1000,355.006,0.120,0.000,4096,37,0,1879,0,1879,0,1879,0
0,hand_written_trigger,200,10000,10,1000,361.737,3.867,0.000,4096,37,0,1879,0,1879,0,1879,0
0,hand_written_trigger,200,100000,1000,1000,3605.487,198.329,0.000,4096,372,0,2214,0,2216,0,2216,0
0,ivmlite,1,10000,100,1000,27.572,0.614,2.458,4096,37,0,111,0,112,0,112,21
0,ivmlite,1,100000,1000,1000,305.287,6.719,11.539,4096,372,0,446,0,453,0,461,6
0,ivmlite,10,10000,100,1000,169.677,0.775,13.948,4096,37,0,630,0,631,0,631,214
0,ivmlite,10,10000,1000,10,70.350,7.834,10.656,4096,33,0,96,0,103,0,103,5
0,ivmlite,10,100000,1000,1000,1016.472,7.983,86.077,4096,372,0,965,0,972,0,1024,5
0,ivmlite,10,100000,1000,100000,6750.371,7.662,134.833,4096,421,0,45826,0,45835,0,45835,22112
0,ivmlite,50,10000,1,1000,836.749,0.055,30.161,4096,37,0,2916,0,2916,0,2916,1290
0,ivmlite,50,10000,10,1000,727.806,0.209,37.372,4096,37,0,2916,0,2916,0,2916,1290
0,ivmlite,50,10000,100,1000,724.033,1.549,80.219,4096,37,0,2916,0,2917,0,2917,1093
0,ivmlite,50,100000,1000,1000,4295.338,15.115,384.625,4096,372,0,3275,0,3282,0,3335,62
0,ivmlite,200,10000,1,1000,3395.905,0.203,332.287,4096,37,0,11487,0,11487,0,11487,5153
0,ivmlite,200,10000,10,1000,3429.995,0.571,368.116,4096,37,0,11487,0,11487,0,11487,5148
0,ivmlite,200,100000,1000,1000,17578.586,39.385,1715.658,4096,372,0,11936,0,11943,0,11996,244
0,naive_recompute,1,10000,100,1000,0.000,0.045,2.464,4096,37,0,37,0,38,0,38,0
0,naive_recompute,1,100000,1000,1000,0.000,0.480,69.045,4096,372,0,372,0,374,0,374,0
0,naive_recompute,10,10000,100,1000,0.000,0.038,20.766,4096,37,0,37,0,38,0,38,0
0,naive_recompute,10,10000,1000,10,0.000,0.259,17.293,4096,33,0,33,0,35,0,35,0
0,naive_recompute,10,100000,1000,1000,0.000,0.612,244.422,4096,372,0,372,0,374,0,374,0
0,naive_recompute,10,100000,1000,100000,0.000,0.515,333.565,4096,421,0,421,0,424,0,424,0
0,naive_recompute,50,10000,1,1000,0.000,0.004,91.833,4096,37,0,37,0,37,0,37,0
0,naive_recompute,50,10000,10,1000,0.000,0.018,92.809,4096,37,0,37,0,37,0,37,0
0,naive_recompute,50,10000,100,1000,0.000,0.066,89.883,4096,37,0,37,0,38,0,38,0
0,naive_recompute,50,100000,1000,1000,0.000,0.692,944.011,4096,372,0,372,0,374,0,374,0
0,naive_recompute,200,10000,1,1000,0.000,0.003,345.080,4096,37,0,37,0,37,0,37,0
0,naive_recompute,200,10000,10,1000,0.000,0.018,345.819,4096,37,0,37,0,37,0,37,0
0,naive_recompute,200,100000,1000,1000,0.000,0.614,3601.601,4096,372,0,372,0,374,0,374,0
0,no_maintenance,1,10000,100,1000,0.000,0.061,0.000,4096,37,0,37,0,38,0,38,0
0,no_maintenance,1,100000,1000,1000,0.000,1.279,0.000,4096,372,0,372,0,374,0,374,0
0,no_maintenance,10,10000,100,1000,0.000,0.040,0.000,4096,37,0,37,0,38,0,38,0
0,no_maintenance,10,10000,1000,10,0.000,0.279,0.000,4096,33,0,33,0,35,0,35,0
0,no_maintenance,10,100000,1000,1000,0.000,1.330,0.000,4096,372,0,372,0,374,0,374,0
0,no_maintenance,10,100000,1000,100000,0.000,0.489,0.000,4096,421,0,421,0,424,0,424,0
0,no_maintenance,50,10000,1,1000,0.000,0.002,0.000,4096,37,0,37,0,37,0,37,0
0,no_maintenance,50,10000,10,1000,0.000,0.007,0.000,4096,37,0,37,0,37,0,37,0
0,no_maintenance,50,10000,100,1000,0.000,0.046,0.000,4096,37,0,37,0,38,0,38,0
0,no_maintenance,50,100000,1000,1000,0.000,0.451,0.000,4096,372,0,372,0,374,0,374,0
0,no_maintenance,200,10000,1,1000,0.000,0.002,0.000,4096,37,0,37,0,37,0,37,0
0,no_maintenance,200,10000,10,1000,0.000,0.006,0.000,4096,37,0,37,0,37,0,37,0
0,no_maintenance,200,100000,1000,1000,0.000,0.472,0.000,4096,372,0,372,0,374,0,374,0
1,hand_written_trigger,1,10000,100,1000,2.743,0.249,0.000,4096,37,0,46,0,47,0,47,0
1,hand_written_trigger,1,100000,1000,1000,31.708,2.307,0.000,4096,372,0,381,0,383,0,383,0
1,hand_written_trigger,10,10000,100,1000,21.735,1.228,0.000,4096,37,0,129,0,130,0,130,0
1,hand_written_trigger,10,10000,1000,10,17.234,9.616,0.000,4096,33,0,55,0,57,0,57,0
1,hand_written_trigger,10,100000,1000,1000,241.251,12.436,0.000,4096,372,0,464,0,466,0,466,0
1,hand_written_trigger,10,100000,1000,100000,404.281,31.870,0.000,4096,421,0,7370,0,7504,0,7504,0
1,hand_written_trigger,50,10000,1,1000,90.729,0.027,0.000,4096,37,0,498,0,498,0,498,0
1,hand_written_trigger,50,10000,10,1000,91.633,0.888,0.000,4096,37,0,498,0,498,0,498,0
1,hand_written_trigger,50,10000,100,1000,90.343,5.183,0.000,4096,37,0,498,0,500,0,500,0
1,hand_written_trigger,50,100000,1000,1000,947.934,46.806,0.000,4096,372,0,833,0,835,0,835,0
1,hand_written_trigger,200,10000,1,1000,354.554,0.074,0.000,4096,37,0,1879,0,1879,0,1879,0
1,hand_written_trigger,200,10000,10,1000,354.455,3.982,0.000,4096,37,0,1879,0,1879,0,1879,0
1,hand_written_trigger,200,100000,1000,1000,3599.469,201.641,0.000,4096,372,0,2214,0,2216,0,2216,0
1,ivmlite,1,10000,100,1000,18.930,0.648,1.673,4096,37,0,111,0,112,0,112,21
1,ivmlite,1,100000,1000,1000,667.863,6.682,13.210,4096,372,0,446,0,453,0,461,6
1,ivmlite,10,10000,100,1000,147.437,0.763,13.700,4096,37,0,630,0,631,0,631,214
1,ivmlite,10,10000,1000,10,70.297,7.634,10.798,4096,33,0,96,0,103,0,103,5
1,ivmlite,10,100000,1000,1000,994.464,7.745,84.022,4096,372,0,965,0,972,0,1024,5
1,ivmlite,10,100000,1000,100000,6843.659,7.937,141.058,4096,421,0,45826,0,45835,0,45835,22112
1,ivmlite,50,10000,1,1000,746.400,0.072,30.552,4096,37,0,2916,0,2916,0,2916,1290
1,ivmlite,50,10000,10,1000,710.864,0.216,36.867,4096,37,0,2916,0,2916,0,2916,1290
1,ivmlite,50,10000,100,1000,725.998,1.497,80.114,4096,37,0,2916,0,2917,0,2917,1093
1,ivmlite,50,100000,1000,1000,4308.112,15.522,389.214,4096,372,0,3275,0,3282,0,3335,62
1,ivmlite,200,10000,1,1000,3364.076,0.196,340.226,4096,37,0,11487,0,11487,0,11487,5153
1,ivmlite,200,10000,10,1000,3400.335,0.642,369.572,4096,37,0,11487,0,11487,0,11487,5148
1,ivmlite,200,100000,1000,1000,17287.194,40.179,1727.344,4096,372,0,11936,0,11943,0,11996,244
1,naive_recompute,1,10000,100,1000,0.000,0.048,2.475,4096,37,0,37,0,38,0,38,0
1,naive_recompute,1,100000,1000,1000,0.000,1.935,31.943,4096,372,0,372,0,374,0,374,0
1,naive_recompute,10,10000,100,1000,0.000,0.043,21.357,4096,37,0,37,0,38,0,38,0
1,naive_recompute,10,10000,1000,10,0.000,0.325,17.215,4096,33,0,33,0,35,0,35,0
1,naive_recompute,10,100000,1000,1000,0.000,0.499,241.907,4096,372,0,372,0,374,0,374,0
1,naive_recompute,10,100000,1000,100000,0.000,0.521,313.386,4096,421,0,421,0,424,0,424,0
1,naive_recompute,50,10000,1,1000,0.000,0.003,89.389,4096,37,0,37,0,37,0,37,0
1,naive_recompute,50,10000,10,1000,0.000,0.009,90.326,4096,37,0,37,0,37,0,37,0
1,naive_recompute,50,10000,100,1000,0.000,0.075,88.641,4096,37,0,37,0,38,0,38,0
1,naive_recompute,50,100000,1000,1000,0.000,0.596,965.531,4096,372,0,372,0,374,0,374,0
1,naive_recompute,200,10000,1,1000,0.000,0.006,345.887,4096,37,0,37,0,37,0,37,0
1,naive_recompute,200,10000,10,1000,0.000,0.010,346.759,4096,37,0,37,0,37,0,37,0
1,naive_recompute,200,100000,1000,1000,0.000,0.632,3577.262,4096,372,0,372,0,374,0,374,0
1,no_maintenance,1,10000,100,1000,0.000,0.048,0.000,4096,37,0,37,0,38,0,38,0
1,no_maintenance,1,100000,1000,1000,0.000,0.459,0.000,4096,372,0,372,0,374,0,374,0
1,no_maintenance,10,10000,100,1000,0.000,0.042,0.000,4096,37,0,37,0,38,0,38,0
1,no_maintenance,10,10000,1000,10,0.000,0.249,0.000,4096,33,0,33,0,35,0,35,0
1,no_maintenance,10,100000,1000,1000,0.000,0.538,0.000,4096,372,0,372,0,374,0,374,0
1,no_maintenance,10,100000,1000,100000,0.000,0.559,0.000,4096,421,0,421,0,424,0,424,0
1,no_maintenance,50,10000,1,1000,0.000,0.002,0.000,4096,37,0,37,0,37,0,37,0
1,no_maintenance,50,10000,10,1000,0.000,0.007,0.000,4096,37,0,37,0,37,0,37,0
1,no_maintenance,50,10000,100,1000,0.000,0.037,0.000,4096,37,0,37,0,38,0,38,0
1,no_maintenance,50,100000,1000,1000,0.000,0.486,0.000,4096,372,0,372,0,374,0,374,0
1,no_maintenance,200,10000,1,1000,0.000,0.003,0.000,4096,37,0,37,0,37,0,37,0
1,no_maintenance,200,10000,10,1000,0.000,0.008,0.000,4096,37,0,37,0,37,0,37,0
1,no_maintenance,200,100000,1000,1000,0.000,0.465,0.000,4096,372,0,372,0,374,0,374,0
2,hand_written_trigger,1,10000,100,1000,2.863,0.193,0.000,4096,37,0,46,0,47,0,47,0
2,hand_written_trigger,1,100000,1000,1000,58.357,3.680,0.000,4096,372,0,381,0,383,0,383,0
2,hand_written_trigger,10,10000,100,1000,29.187,1.241,0.000,4096,37,0,129,0,130,0,130,0
2,hand_written_trigger,10,10000,1000,10,17.520,9.475,0.000,4096,33,0,55,0,57,0,57,0
2,hand_written_trigger,10,100000,1000,1000,243.497,12.161,0.000,4096,372,0,464,0,466,0,466,0
2,hand_written_trigger,10,100000,1000,100000,399.279,31.350,0.000,4096,421,0,7370,0,7504,0,7504,0
2,hand_written_trigger,50,10000,1,1000,89.116,0.027,0.000,4096,37,0,498,0,498,0,498,0
2,hand_written_trigger,50,10000,10,1000,90.413,0.904,0.000,4096,37,0,498,0,498,0,498,0
2,hand_written_trigger,50,10000,100,1000,89.800,5.598,0.000,4096,37,0,498,0,500,0,500,0
2,hand_written_trigger,50,100000,1000,1000,948.991,50.556,0.000,4096,372,0,833,0,835,0,835,0
2,hand_written_trigger,200,10000,1,1000,355.701,0.075,0.000,4096,37,0,1879,0,1879,0,1879,0
2,hand_written_trigger,200,10000,10,1000,354.501,3.390,0.000,4096,37,0,1879,0,1879,0,1879,0
2,hand_written_trigger,200,100000,1000,1000,3603.620,219.582,0.000,4096,372,0,2214,0,2216,0,2216,0
2,ivmlite,1,10000,100,1000,16.875,0.572,1.524,4096,37,0,111,0,112,0,112,21
2,ivmlite,1,100000,1000,1000,135.070,6.522,9.202,4096,372,0,446,0,453,0,461,6
2,ivmlite,10,10000,100,1000,168.436,0.766,14.972,4096,37,0,630,0,631,0,631,214
2,ivmlite,10,10000,1000,10,71.077,7.676,10.916,4096,33,0,96,0,103,0,103,5
2,ivmlite,10,100000,1000,1000,990.558,8.207,84.864,4096,372,0,965,0,972,0,1024,5
2,ivmlite,10,100000,1000,100000,6891.832,7.907,137.187,4096,421,0,45826,0,45835,0,45835,22112
2,ivmlite,50,10000,1,1000,731.735,0.061,29.766,4096,37,0,2916,0,2916,0,2916,1290
2,ivmlite,50,10000,10,1000,728.275,0.242,37.358,4096,37,0,2916,0,2916,0,2916,1290
2,ivmlite,50,10000,100,1000,721.087,1.646,84.260,4096,37,0,2916,0,2917,0,2917,1093
2,ivmlite,50,100000,1000,1000,4325.538,15.801,389.483,4096,372,0,3275,0,3282,0,3335,62
2,ivmlite,200,10000,1,1000,3383.408,0.203,339.472,4096,37,0,11487,0,11487,0,11487,5153
2,ivmlite,200,10000,10,1000,3385.717,0.618,360.353,4096,37,0,11487,0,11487,0,11487,5148
2,ivmlite,200,100000,1000,1000,17388.290,40.214,1705.653,4096,372,0,11936,0,11943,0,11996,244
2,naive_recompute,1,10000,100,1000,0.000,0.086,3.644,4096,37,0,37,0,38,0,38,0
2,naive_recompute,1,100000,1000,1000,0.000,0.543,30.361,4096,372,0,372,0,374,0,374,0
2,naive_recompute,10,10000,100,1000,0.000,0.040,21.489,4096,37,0,37,0,38,0,38,0
2,naive_recompute,10,10000,1000,10,0.000,0.257,17.394,4096,33,0,33,0,35,0,35,0
2,naive_recompute,10,100000,1000,1000,0.000,0.453,239.293,4096,372,0,372,0,374,0,374,0
2,naive_recompute,10,100000,1000,100000,0.000,0.504,314.245,4096,421,0,421,0,424,0,424,0
2,naive_recompute,50,10000,1,1000,0.000,0.004,89.132,4096,37,0,37,0,37,0,37,0
2,naive_recompute,50,10000,10,1000,0.000,0.011,89.184,4096,37,0,37,0,37,0,37,0
2,naive_recompute,50,10000,100,1000,0.000,0.053,90.269,4096,37,0,37,0,38,0,38,0
2,naive_recompute,50,100000,1000,1000,0.000,0.555,951.857,4096,372,0,372,0,374,0,374,0
2,naive_recompute,200,10000,1,1000,0.000,0.004,346.758,4096,37,0,37,0,37,0,37,0
2,naive_recompute,200,10000,10,1000,0.000,0.010,344.680,4096,37,0,37,0,37,0,37,0
2,naive_recompute,200,100000,1000,1000,0.000,0.567,3570.975,4096,372,0,372,0,374,0,374,0
2,no_maintenance,1,10000,100,1000,0.000,0.045,0.000,4096,37,0,37,0,38,0,38,0
2,no_maintenance,1,100000,1000,1000,0.000,0.919,0.000,4096,372,0,372,0,374,0,374,0
2,no_maintenance,10,10000,100,1000,0.000,0.045,0.000,4096,37,0,37,0,38,0,38,0
2,no_maintenance,10,10000,1000,10,0.000,0.254,0.000,4096,33,0,33,0,35,0,35,0
2,no_maintenance,10,100000,1000,1000,0.000,0.635,0.000,4096,372,0,372,0,374,0,374,0
2,no_maintenance,10,100000,1000,100000,0.000,0.651,0.000,4096,421,0,421,0,424,0,424,0
2,no_maintenance,50,10000,1,1000,0.000,0.005,0.000,4096,37,0,37,0,37,0,37,0
2,no_maintenance,50,10000,10,1000,0.000,0.007,0.000,4096,37,0,37,0,37,0,37,0
2,no_maintenance,50,10000,100,1000,0.000,0.041,0.000,4096,37,0,37,0,38,0,38,0
2,no_maintenance,50,100000,1000,1000,0.000,0.517,0.000,4096,372,0,372,0,374,0,374,0
2,no_maintenance,200,10000,1,1000,0.000,0.002,0.000,4096,37,0,37,0,37,0,37,0
2,no_maintenance,200,10000,10,1000,0.000,0.007,0.000,4096,37,0,37,0,37,0,37,0
2,no_maintenance,200,100000,1000,1000,0.000,0.500,0.000,4096,372,0,372,0,374,0,374,0
3,hand_written_trigger,1,10000,100,1000,2.500,0.193,0.000,4096,37,0,46,0,47,0,47,0
3,hand_written_trigger,1,100000,1000,1000,33.527,2.047,0.000,4096,372,0,381,0,383,0,383,0
3,hand_written_trigger,10,10000,100,1000,22.595,1.213,0.000,4096,37,0,129,0,130,0,130,0
3,hand_written_trigger,10,10000,1000,10,18.109,9.667,0.000,4096,33,0,55,0,57,0,57,0
3,hand_written_trigger,10,100000,1000,1000,253.604,12.231,0.000,4096,372,0,464,0,466,0,466,0
3,hand_written_trigger,10,100000,1000,100000,410.177,29.867,0.000,4096,421,0,7370,0,7504,0,7504,0
3,hand_written_trigger,50,10000,1,1000,89.481,0.027,0.000,4096,37,0,498,0,498,0,498,0
3,hand_written_trigger,50,10000,10,1000,89.030,0.915,0.000,4096,37,0,498,0,498,0,498,0
3,hand_written_trigger,50,10000,100,1000,91.526,5.810,0.000,4096,37,0,498,0,500,0,500,0
3,hand_written_trigger,50,100000,1000,1000,961.880,47.747,0.000,4096,372,0,833,0,835,0,835,0
3,hand_written_trigger,200,10000,1,1000,354.458,0.101,0.000,4096,37,0,1879,0,1879,0,1879,0
3,hand_written_trigger,200,10000,10,1000,356.450,3.273,0.000,4096,37,0,1879,0,1879,0,1879,0
3,hand_written_trigger,200,100000,1000,1000,3574.979,194.560,0.000,4096,372,0,2214,0,2216,0,2216,0
3,ivmlite,1,10000,100,1000,16.405,0.575,1.521,4096,37,0,111,0,112,0,112,21
3,ivmlite,1,100000,1000,1000,122.688,5.937,9.462,4096,372,0,446,0,453,0,461,6
3,ivmlite,10,10000,100,1000,150.242,0.818,14.486,4096,37,0,630,0,631,0,631,214
3,ivmlite,10,10000,1000,10,69.308,7.611,10.556,4096,33,0,96,0,103,0,103,5
3,ivmlite,10,100000,1000,1000,1097.183,8.404,85.741,4096,372,0,965,0,972,0,1024,5
3,ivmlite,10,100000,1000,100000,6856.636,7.652,139.757,4096,421,0,45826,0,45835,0,45835,22112
3,ivmlite,50,10000,1,1000,711.273,0.082,30.674,4096,37,0,2916,0,2916,0,2916,1290
3,ivmlite,50,10000,10,1000,720.514,0.195,37.373,4096,37,0,2916,0,2916,0,2916,1290
3,ivmlite,50,10000,100,1000,729.593,4.844,95.231,4096,37,0,2916,0,2917,0,2917,1093
3,ivmlite,50,100000,1000,1000,4296.370,15.258,392.731,4096,372,0,3275,0,3282,0,3335,62
3,ivmlite,200,10000,1,1000,3376.747,0.202,342.152,4096,37,0,11487,0,11487,0,11487,5153
3,ivmlite,200,10000,10,1000,3394.333,0.561,367.904,4096,37,0,11487,0,11487,0,11487,5148
3,ivmlite,200,100000,1000,1000,17510.759,40.125,1714.538,4096,372,0,11936,0,11943,0,11996,244
3,naive_recompute,1,10000,100,1000,0.000,0.040,2.319,4096,37,0,37,0,38,0,38,0
3,naive_recompute,1,100000,1000,1000,0.000,0.557,30.553,4096,372,0,372,0,374,0,374,0
3,naive_recompute,10,10000,100,1000,0.000,0.042,20.224,4096,37,0,37,0,38,0,38,0
3,naive_recompute,10,10000,1000,10,0.000,0.243,17.342,4096,33,0,33,0,35,0,35,0
3,naive_recompute,10,100000,1000,1000,0.000,0.520,240.765,4096,372,0,372,0,374,0,374,0
3,naive_recompute,10,100000,1000,100000,0.000,0.508,397.435,4096,421,0,421,0,424,0,424,0
3,naive_recompute,50,10000,1,1000,0.000,0.004,89.804,4096,37,0,37,0,37,0,37,0
3,naive_recompute,50,10000,10,1000,0.000,0.008,90.556,4096,37,0,37,0,37,0,37,0
3,naive_recompute,50,10000,100,1000,0.000,0.058,89.891,4096,37,0,37,0,38,0,38,0
3,naive_recompute,50,100000,1000,1000,0.000,0.736,958.944,4096,372,0,372,0,374,0,374,0
3,naive_recompute,200,10000,1,1000,0.000,0.006,345.099,4096,37,0,37,0,37,0,37,0
3,naive_recompute,200,10000,10,1000,0.000,0.009,344.188,4096,37,0,37,0,37,0,37,0
3,naive_recompute,200,100000,1000,1000,0.000,0.603,3582.005,4096,372,0,372,0,374,0,374,0
3,no_maintenance,1,10000,100,1000,0.000,0.041,0.000,4096,37,0,37,0,38,0,38,0
3,no_maintenance,1,100000,1000,1000,0.000,0.595,0.000,4096,372,0,372,0,374,0,374,0
3,no_maintenance,10,10000,100,1000,0.000,0.051,0.000,4096,37,0,37,0,38,0,38,0
3,no_maintenance,10,10000,1000,10,0.000,0.253,0.000,4096,33,0,33,0,35,0,35,0
3,no_maintenance,10,100000,1000,1000,0.000,0.557,0.000,4096,372,0,372,0,374,0,374,0
3,no_maintenance,10,100000,1000,100000,0.000,0.453,0.000,4096,421,0,421,0,424,0,424,0
3,no_maintenance,50,10000,1,1000,0.000,0.002,0.000,4096,37,0,37,0,37,0,37,0
3,no_maintenance,50,10000,10,1000,0.000,0.006,0.000,4096,37,0,37,0,37,0,37,0
3,no_maintenance,50,10000,100,1000,0.000,0.042,0.000,4096,37,0,37,0,38,0,38,0
3,no_maintenance,50,100000,1000,1000,0.000,0.557,0.000,4096,372,0,372,0,374,0,374,0
3,no_maintenance,200,10000,1,1000,0.000,0.003,0.000,4096,37,0,37,0,37,0,37,0
3,no_maintenance,200,10000,10,1000,0.000,0.007,0.000,4096,37,0,37,0,37,0,37,0
3,no_maintenance,200,100000,1000,1000,0.000,0.441,0.000,4096,372,0,372,0,374,0,374,0
4,hand_written_trigger,1,10000,100,1000,2.574,0.194,0.000,4096,37,0,46,0,47,0,47,0
4,hand_written_trigger,1,100000,1000,1000,31.759,2.107,0.000,4096,372,0,381,0,383,0,383,0
4,hand_written_trigger,10,10000,100,1000,23.517,1.218,0.000,4096,37,0,129,0,130,0,130,0
4,hand_written_trigger,10,10000,1000,10,18.620,9.555,0.000,4096,33,0,55,0,57,0,57,0
4,hand_written_trigger,10,100000,1000,1000,250.881,12.191,0.000,4096,372,0,464,0,466,0,466,0
4,hand_written_trigger,10,100000,1000,100000,415.612,32.256,0.000,4096,421,0,7370,0,7504,0,7504,0
4,hand_written_trigger,50,10000,1,1000,92.279,0.034,0.000,4096,37,0,498,0,498,0,498,0
4,hand_written_trigger,50,10000,10,1000,90.842,0.821,0.000,4096,37,0,498,0,498,0,498,0
4,hand_written_trigger,50,10000,100,1000,89.690,5.581,0.000,4096,37,0,498,0,500,0,500,0
4,hand_written_trigger,50,100000,1000,1000,944.527,49.914,0.000,4096,372,0,833,0,835,0,835,0
4,hand_written_trigger,200,10000,1,1000,349.668,0.072,0.000,4096,37,0,1879,0,1879,0,1879,0
4,hand_written_trigger,200,10000,10,1000,356.437,3.362,0.000,4096,37,0,1879,0,1879,0,1879,0
4,hand_written_trigger,200,100000,1000,1000,3602.396,196.110,0.000,4096,372,0,2214,0,2216,0,2216,0
4,ivmlite,1,10000,100,1000,22.170,0.597,1.600,4096,37,0,111,0,112,0,112,21
4,ivmlite,1,100000,1000,1000,165.094,6.329,10.333,4096,372,0,446,0,453,0,461,6
4,ivmlite,10,10000,100,1000,153.776,0.784,15.359,4096,37,0,630,0,631,0,631,214
4,ivmlite,10,10000,1000,10,69.063,7.309,11.562,4096,33,0,96,0,103,0,103,5
4,ivmlite,10,100000,1000,1000,1012.736,8.363,85.978,4096,372,0,965,0,972,0,1024,5
4,ivmlite,10,100000,1000,100000,6776.190,7.756,136.608,4096,421,0,45826,0,45835,0,45835,22112
4,ivmlite,50,10000,1,1000,723.079,0.075,29.616,4096,37,0,2916,0,2916,0,2916,1290
4,ivmlite,50,10000,10,1000,727.542,0.213,37.834,4096,37,0,2916,0,2916,0,2916,1290
4,ivmlite,50,10000,100,1000,718.776,1.619,82.063,4096,37,0,2916,0,2917,0,2917,1093
4,ivmlite,50,100000,1000,1000,4307.352,15.477,390.281,4096,372,0,3275,0,3282,0,3335,62
4,ivmlite,200,10000,1,1000,3381.023,0.218,336.156,4096,37,0,11487,0,11487,0,11487,5153
4,ivmlite,200,10000,10,1000,3409.623,0.634,364.464,4096,37,0,11487,0,11487,0,11487,5148
4,ivmlite,200,100000,1000,1000,17258.303,40.625,1718.792,4096,372,0,11936,0,11943,0,11996,244
4,naive_recompute,1,10000,100,1000,0.000,0.053,2.203,4096,37,0,37,0,38,0,38,0
4,naive_recompute,1,100000,1000,1000,0.000,0.447,28.930,4096,372,0,372,0,374,0,374,0
4,naive_recompute,10,10000,100,1000,0.000,0.044,20.121,4096,37,0,37,0,38,0,38,0
4,naive_recompute,10,10000,1000,10,0.000,0.263,17.466,4096,33,0,33,0,35,0,35,0
4,naive_recompute,10,100000,1000,1000,0.000,0.518,241.487,4096,372,0,372,0,374,0,374,0
4,naive_recompute,10,100000,1000,100000,0.000,0.559,313.298,4096,421,0,421,0,424,0,424,0
4,naive_recompute,50,10000,1,1000,0.000,0.004,90.425,4096,37,0,37,0,37,0,37,0
4,naive_recompute,50,10000,10,1000,0.000,0.013,89.412,4096,37,0,37,0,37,0,37,0
4,naive_recompute,50,10000,100,1000,0.000,0.060,91.285,4096,37,0,37,0,38,0,38,0
4,naive_recompute,50,100000,1000,1000,0.000,0.601,945.627,4096,372,0,372,0,374,0,374,0
4,naive_recompute,200,10000,1,1000,0.000,0.004,346.939,4096,37,0,37,0,37,0,37,0
4,naive_recompute,200,10000,10,1000,0.000,0.010,345.506,4096,37,0,37,0,37,0,37,0
4,naive_recompute,200,100000,1000,1000,0.000,0.652,3578.975,4096,372,0,372,0,374,0,374,0
4,no_maintenance,1,10000,100,1000,0.000,0.037,0.000,4096,37,0,37,0,38,0,38,0
4,no_maintenance,1,100000,1000,1000,0.000,0.472,0.000,4096,372,0,372,0,374,0,374,0
4,no_maintenance,10,10000,100,1000,0.000,0.049,0.000,4096,37,0,37,0,38,0,38,0
4,no_maintenance,10,10000,1000,10,0.000,0.273,0.000,4096,33,0,33,0,35,0,35,0
4,no_maintenance,10,100000,1000,1000,0.000,0.479,0.000,4096,372,0,372,0,374,0,374,0
4,no_maintenance,10,100000,1000,100000,0.000,0.510,0.000,4096,421,0,421,0,424,0,424,0
4,no_maintenance,50,10000,1,1000,0.000,0.002,0.000,4096,37,0,37,0,37,0,37,0
4,no_maintenance,50,10000,10,1000,0.000,0.007,0.000,4096,37,0,37,0,37,0,37,0
4,no_maintenance,50,10000,100,1000,0.000,0.045,0.000,4096,37,0,37,0,38,0,38,0
4,no_maintenance,50,100000,1000,1000,0.000,0.428,0.000,4096,372,0,372,0,374,0,374,0
4,no_maintenance,200,10000,1,1000,0.000,0.003,0.000,4096,37,0,37,0,37,0,37,0
4,no_maintenance,200,10000,10,1000,0.000,0.006,0.000,4096,37,0,37,0,37,0,37,0
4,no_maintenance,200,100000,1000,1000,0.000,0.810,0.000,4096,372,0,372,0,374,0,374,0
