engine,views,base_rows,batch_size,group_cardinality,bootstrap_ms,apply_ms,maintain_ms,page_size,base_pages,base_free,bootstrapped_pages,bootstrapped_free,written_pages,written_free,maintained_pages,maintained_free
hand_written_trigger,1,10000,1,1000,2.557,0.007,0.000,4096,37,0,46,0,46,0,46,0
hand_written_trigger,1,10000,10,1000,2.668,0.026,0.000,4096,37,0,46,0,46,0,46,0
hand_written_trigger,1,10000,100,1000,2.498,0.257,0.000,4096,37,0,46,0,47,0,47,0
hand_written_trigger,1,10000,1000,1000,2.505,1.944,0.000,4096,37,0,46,0,49,0,49,0
hand_written_trigger,1,100000,1,1000,30.047,0.017,0.000,4096,372,0,381,0,381,0,381,0
hand_written_trigger,1,100000,10,1000,30.290,0.042,0.000,4096,372,0,381,0,381,0,381,0
hand_written_trigger,1,100000,100,1000,29.704,0.222,0.000,4096,372,0,381,0,381,0,381,0
hand_written_trigger,1,100000,1000,1000,31.010,2.132,0.000,4096,372,0,381,0,383,0,383,0
hand_written_trigger,1,1000000,1,1000,308.773,0.024,0.000,4096,3742,0,3752,0,3752,0,3752,0
hand_written_trigger,1,1000000,10,1000,304.176,0.051,0.000,4096,3742,0,3752,0,3752,0,3752,0
hand_written_trigger,1,1000000,100,1000,309.221,0.253,0.000,4096,3742,0,3752,0,3752,0,3752,0
hand_written_trigger,1,1000000,1000,1000,306.601,2.215,0.000,4096,3742,0,3752,0,3754,0,3754,0
hand_written_trigger,10,10000,1,10,19.279,0.017,0.000,4096,33,0,55,0,55,0,55,0
hand_written_trigger,10,10000,1,1000,21.528,0.010,0.000,4096,37,0,129,0,129,0,129,0
hand_written_trigger,10,10000,10,10,17.544,0.183,0.000,4096,33,0,55,0,55,0,55,0
hand_written_trigger,10,10000,10,1000,21.538,0.184,0.000,4096,37,0,129,0,129,0,129,0
hand_written_trigger,10,10000,100,10,17.557,1.114,0.000,4096,33,0,55,0,55,0,55,0
hand_written_trigger,10,10000,100,1000,21.975,1.334,0.000,4096,37,0,129,0,130,0,130,0
hand_written_trigger,10,10000,1000,10,18.165,9.933,0.000,4096,33,0,55,0,57,0,57,0
hand_written_trigger,10,10000,1000,1000,21.756,12.300,0.000,4096,37,0,129,0,132,0,132,0
hand_written_trigger,10,100000,1,10,206.640,0.019,0.000,4096,326,0,348,0,348,0,348,0
hand_written_trigger,10,100000,1,1000,246.320,0.020,0.000,4096,372,0,464,0,464,0,464,0
hand_written_trigger,10,100000,1,100000,401.453,0.024,0.000,4096,421,0,7370,0,7370,0,7370,0
hand_written_trigger,10,100000,10,10,204.006,0.179,0.000,4096,326,0,348,0,348,0,348,0
hand_written_trigger,10,100000,10,1000,244.364,0.160,0.000,4096,372,0,464,0,464,0,464,0
hand_written_trigger,10,100000,10,100000,402.263,0.385,0.000,4096,421,0,7370,0,7373,0,7373,0
hand_written_trigger,10,100000,100,10,204.644,0.994,0.000,4096,326,0,348,0,348,0,348,0
hand_written_trigger,10,100000,100,1000,246.621,1.236,0.000,4096,372,0,464,0,464,0,464,0
hand_written_trigger,10,100000,100,100000,424.654,2.934,0.000,4096,421,0,7370,0,7398,0,7398,0
hand_written_trigger,10,100000,1000,10,201.885,10.120,0.000,4096,326,0,348,0,350,0,350,0
hand_written_trigger,10,100000,1000,1000,244.236,12.953,0.000,4096,372,0,464,0,466,0,466,0
hand_written_trigger,10,100000,1000,100000,400.985,29.497,0.000,4096,421,0,7370,0,7504,0,7504,0
hand_written_trigger,10,1000000,1,10,2308.493,0.020,0.000,4096,3277,0,3299,0,3299,0,3299,0
hand_written_trigger,10,1000000,1,1000,2626.918,0.021,0.000,4096,3742,0,3844,0,3844,0,3844,0
hand_written_trigger,10,1000000,1,100000,3149.416,0.029,0.000,4096,4235,0,12917,0,12917,0,12917,0
hand_written_trigger,10,1000000,10,10,2296.088,0.149,0.000,4096,3277,0,3299,0,3299,0,3299,0
hand_written_trigger,10,1000000,10,1000,2629.379,0.193,0.000,4096,3742,0,3844,0,3844,0,3844,0
hand_written_trigger,10,1000000,10,100000,3144.129,0.327,0.000,4096,4235,0,12917,0,12917,0,12917,0
hand_written_trigger,10,1000000,100,10,2284.016,1.111,0.000,4096,3277,0,3299,0,3299,0,3299,0
hand_written_trigger,10,1000000,100,1000,2626.226,1.415,0.000,4096,3742,0,3844,0,3844,0,3844,0
hand_written_trigger,10,1000000,100,100000,3150.616,2.714,0.000,4096,4235,0,12917,0,12917,0,12917,0
hand_written_trigger,10,1000000,1000,10,2295.021,10.330,0.000,4096,3277,0,3299,0,3301,0,3301,0
hand_written_trigger,10,1000000,1000,1000,2668.915,12.512,0.000,4096,3742,0,3844,0,3846,0,3846,0
hand_written_trigger,10,1000000,1000,100000,3155.930,24.992,0.000,4096,4235,0,12917,0,12920,0,12920,0
hand_written_trigger,50,10000,1,1000,90.989,0.037,0.000,4096,37,0,498,0,498,0,498,0
hand_written_trigger,50,10000,10,1000,96.220,1.187,0.000,4096,37,0,498,0,498,0,498,0
hand_written_trigger,50,10000,100,1000,91.529,5.993,0.000,4096,37,0,498,0,500,0,500,0
hand_written_trigger,50,10000,1000,1000,90.840,51.534,0.000,4096,37,0,498,0,504,0,504,0
hand_written_trigger,50,100000,1,1000,960.058,0.039,0.000,4096,372,0,833,0,833,0,833,0
hand_written_trigger,50,100000,10,1000,963.207,0.663,0.000,4096,372,0,833,0,833,0,833,0
hand_written_trigger,50,100000,100,1000,956.570,5.036,0.000,4096,372,0,833,0,833,0,833,0
hand_written_trigger,50,100000,1000,1000,1054.345,47.433,0.000,4096,372,0,833,0,835,0,835,0
hand_written_trigger,50,1000000,1,1000,10747.329,0.087,0.000,4096,3742,0,4253,0,4253,0,4253,0
hand_written_trigger,50,1000000,10,1000,10597.491,0.644,0.000,4096,3742,0,4253,0,4253,0,4253,0
hand_written_trigger,50,1000000,100,1000,9977.266,5.088,0.000,4096,3742,0,4253,0,4253,0,4253,0
hand_written_trigger,50,1000000,1000,1000,10006.020,46.285,0.000,4096,3742,0,4253,0,4255,0,4255,0
hand_written_trigger,200,10000,1,1000,351.351,0.080,0.000,4096,37,0,1879,0,1879,0,1879,0
hand_written_trigger,200,10000,10,1000,341.503,3.297,0.000,4096,37,0,1879,0,1879,0,1879,0
hand_written_trigger,200,10000,100,1000,340.579,21.022,0.000,4096,37,0,1879,0,1885,0,1885,0
hand_written_trigger,200,10000,1000,1000,341.477,178.116,0.000,4096,37,0,1879,0,1895,0,1895,0
hand_written_trigger,200,100000,1,1000,3420.651,0.070,0.000,4096,372,0,2214,0,2214,0,2214,0
hand_written_trigger,200,100000,10,1000,3427.168,2.422,0.000,4096,372,0,2214,0,2214,0,2214,0
hand_written_trigger,200,100000,100,1000,3520.501,19.844,0.000,4096,372,0,2214,0,2214,0,2214,0
hand_written_trigger,200,100000,1000,1000,3417.929,173.162,0.000,4096,372,0,2214,0,2216,0,2216,0
hand_written_trigger,200,1000000,1,1000,38276.942,0.085,0.000,4096,3742,0,5784,0,5784,0,5784,0
hand_written_trigger,200,1000000,10,1000,38295.669,2.504,0.000,4096,3742,0,5784,0,5784,0,5784,0
hand_written_trigger,200,1000000,100,1000,38246.461,20.753,0.000,4096,3742,0,5784,0,5784,0,5784,0
hand_written_trigger,200,1000000,1000,1000,38165.876,182.564,0.000,4096,3742,0,5784,0,5786,0,5786,0
ivmlite,1,10000,1,1000,16.950,0.029,0.298,4096,37,0,111,0,111,0,111,26
ivmlite,1,10000,10,1000,15.681,0.075,0.404,4096,37,0,111,0,111,0,111,26
ivmlite,1,10000,100,1000,16.220,0.622,1.746,4096,37,0,111,0,112,0,112,21
ivmlite,1,10000,1000,1000,16.688,5.551,10.178,4096,37,0,111,0,119,0,128,6
ivmlite,1,100000,1,1000,124.114,0.053,0.374,4096,372,0,446,0,446,0,446,26
ivmlite,1,100000,10,1000,105.291,0.105,0.512,4096,372,0,446,0,446,0,446,26
ivmlite,1,100000,100,1000,110.382,0.644,1.680,4096,372,0,446,0,446,0,446,21
ivmlite,1,100000,1000,1000,111.539,6.374,9.691,4096,372,0,446,0,453,0,461,6
ivmlite,1,1000000,1,1000,1206.100,0.100,0.605,4096,3742,0,3817,0,3817,0,3817,27
ivmlite,1,1000000,10,1000,1121.850,0.162,0.873,4096,3742,0,3817,0,3817,0,3817,27
ivmlite,1,1000000,100,1000,1117.563,0.773,2.121,4096,3742,0,3817,0,3817,0,3817,20
ivmlite,1,1000000,1000,1000,1128.523,6.369,9.685,4096,3742,0,3817,0,3824,0,3834,5
ivmlite,10,10000,1,10,85.154,0.026,2.641,4096,33,0,96,0,96,0,96,0
ivmlite,10,10000,1,1000,151.354,0.037,2.772,4096,37,0,630,0,630,0,630,260
ivmlite,10,10000,10,10,69.201,0.115,3.940,4096,33,0,96,0,96,0,96,0
ivmlite,10,10000,10,1000,152.994,0.112,4.177,4096,37,0,630,0,630,0,630,260
ivmlite,10,10000,100,10,71.267,0.918,4.644,4096,33,0,96,0,96,0,96,0
ivmlite,10,10000,100,1000,149.357,0.847,14.950,4096,37,0,630,0,631,0,631,214
ivmlite,10,10000,1000,10,70.578,7.812,10.486,4096,33,0,96,0,103,0,103,5
ivmlite,10,10000,1000,1000,150.465,7.885,85.831,4096,37,0,630,0,638,0,693,5
ivmlite,10,100000,1,10,671.159,0.059,2.597,4096,326,0,389,0,389,0,389,0
ivmlite,10,100000,1,1000,995.568,0.065,2.735,4096,372,0,965,0,965,0,965,260
ivmlite,10,100000,1,100000,6786.805,0.066,10.426,4096,421,0,45826,0,45826,0,45826,22481
ivmlite,10,100000,10,10,659.530,0.130,3.560,4096,326,0,389,0,389,0,389,0
ivmlite,10,100000,10,1000,996.784,0.127,4.544,4096,372,0,965,0,965,0,965,260
ivmlite,10,100000,10,100000,6648.447,0.140,11.886,4096,421,0,45826,0,45826,0,45826,22481
ivmlite,10,100000,100,10,659.252,0.906,4.963,4096,326,0,389,0,389,0,389,0
ivmlite,10,100000,100,1000,996.992,0.787,14.405,4096,372,0,965,0,965,0,965,216
ivmlite,10,100000,100,100000,6833.547,0.818,26.492,4096,421,0,45826,0,45826,0,45826,22442
ivmlite,10,100000,1000,10,668.315,8.308,11.307,4096,326,0,389,0,396,0,396,5
ivmlite,10,100000,1000,1000,993.468,8.447,83.633,4096,372,0,965,0,972,0,1024,5
ivmlite,10,100000,1000,100000,6747.106,8.014,132.894,4096,421,0,45826,0,45835,0,45835,22112
ivmlite,10,1000000,1,10,6959.033,0.072,2.853,4096,3277,0,3340,0,3340,0,3340,0
ivmlite,10,1000000,1,1000,9835.509,0.093,2.828,4096,3742,0,4345,0,4345,0,4345,270
ivmlite,10,1000000,1,100000,23149.831,0.142,21.239,4096,4235,0,59599,0,59599,0,59599,27192
ivmlite,10,1000000,10,10,7046.969,0.149,3.613,4096,3277,0,3340,0,3340,0,3340,0
ivmlite,10,1000000,10,1000,9763.388,0.186,4.652,4096,3742,0,4345,0,4345,0,4345,270
ivmlite,10,1000000,10,100000,23483.317,0.200,22.576,4096,4235,0,59599,0,59599,0,59599,27192
ivmlite,10,1000000,100,10,6993.962,0.909,5.308,4096,3277,0,3340,0,3340,0,3340,0
ivmlite,10,1000000,100,1000,9668.042,0.894,14.954,4096,3742,0,4345,0,4345,0,4345,221
ivmlite,10,1000000,100,100000,23645.054,0.879,38.588,4096,4235,0,59599,0,59599,0,59599,27134
ivmlite,10,1000000,1000,10,7164.696,8.507,11.497,4096,3277,0,3340,0,3347,0,3347,5
ivmlite,10,1000000,1000,1000,10007.365,8.200,85.528,4096,3742,0,4345,0,4352,0,4412,5
ivmlite,10,1000000,1000,100000,23293.805,8.157,168.049,4096,4235,0,59599,0,59608,0,59608,26711
ivmlite,50,10000,1,1000,891.129,0.510,43.565,4096,37,0,2916,0,2916,0,2916,1290
ivmlite,50,10000,10,1000,708.646,0.235,35.852,4096,37,0,2916,0,2916,0,2916,1290
ivmlite,50,10000,100,1000,714.093,1.635,82.681,4096,37,0,2916,0,2917,0,2917,1093
ivmlite,50,10000,1000,1000,721.320,15.611,401.468,4096,37,0,2916,0,2924,0,2980,36
ivmlite,50,100000,1,1000,4418.486,0.099,29.962,4096,372,0,3275,0,3275,0,3275,1300
ivmlite,50,100000,10,1000,4388.451,0.255,36.498,4096,372,0,3275,0,3275,0,3275,1300
ivmlite,50,100000,100,1000,4357.355,1.564,77.350,4096,372,0,3275,0,3275,0,3275,1119
ivmlite,50,100000,1000,1000,4337.750,15.579,401.761,4096,372,0,3275,0,3282,0,3335,62
ivmlite,50,1000000,1,1000,42066.608,0.142,32.566,4096,3742,0,6695,0,6695,0,6695,1350
ivmlite,50,1000000,10,1000,36405.132,0.282,33.922,4096,3742,0,6695,0,6695,0,6695,1350
ivmlite,50,1000000,100,1000,36247.168,1.547,76.734,4096,3742,0,6695,0,6695,0,6695,1151
ivmlite,50,1000000,1000,1000,35953.593,14.939,373.164,4096,3742,0,6695,0,6702,0,6763,22
ivmlite,200,10000,1,1000,3196.402,0.090,320.271,4096,37,0,11487,0,11487,0,11487,5153
ivmlite,200,10000,10,1000,3195.326,0.449,344.884,4096,37,0,11487,0,11487,0,11487,5148
ivmlite,200,10000,100,1000,3181.655,3.785,502.287,4096,37,0,11487,0,11488,0,11488,4388
ivmlite,200,10000,1000,1000,3193.462,37.685,1642.391,4096,37,0,11487,0,11495,0,11551,121
ivmlite,200,100000,1,1000,15927.348,0.200,319.842,4096,372,0,11936,0,11936,0,11936,5200
ivmlite,200,100000,10,1000,15707.274,0.555,343.345,4096,372,0,11936,0,11936,0,11936,5198
ivmlite,200,100000,100,1000,15735.238,3.887,492.078,4096,372,0,11936,0,11936,0,11936,4497
ivmlite,200,100000,1000,1000,15772.693,38.157,1852.858,4096,372,0,11936,0,11943,0,11996,244
ivmlite,200,1000000,1,1000,142009.234,0.278,323.200,4096,3742,0,15506,0,15506,0,15506,5400
ivmlite,200,1000000,10,1000,142179.043,0.643,338.755,4096,3742,0,15506,0,15506,0,15506,5398
ivmlite,200,1000000,100,1000,142078.959,4.019,507.634,4096,3742,0,15506,0,15506,0,15506,4637
ivmlite,200,1000000,1000,1000,142304.649,39.202,1666.836,4096,3742,0,15506,0,15513,0,15574,74
naive_recompute,1,10000,1,1000,0.000,0.002,2.225,4096,37,0,37,0,37,0,37,0
naive_recompute,1,10000,10,1000,0.000,0.007,2.243,4096,37,0,37,0,37,0,37,0
naive_recompute,1,10000,100,1000,0.000,0.037,2.334,4096,37,0,37,0,38,0,38,0
naive_recompute,1,10000,1000,1000,0.000,0.253,2.393,4096,37,0,37,0,40,0,40,0
naive_recompute,1,100000,1,1000,0.000,0.008,29.335,4096,372,0,372,0,372,0,372,0
naive_recompute,1,100000,10,1000,0.000,0.011,30.137,4096,372,0,372,0,372,0,372,0
naive_recompute,1,100000,100,1000,0.000,0.077,29.884,4096,372,0,372,0,372,0,372,0
naive_recompute,1,100000,1000,1000,0.000,0.497,29.283,4096,372,0,372,0,374,0,374,0
naive_recompute,1,1000000,1,1000,0.000,0.004,296.272,4096,3742,0,3742,0,3742,0,3742,0
naive_recompute,1,1000000,10,1000,0.000,0.019,301.371,4096,3742,0,3742,0,3742,0,3742,0
naive_recompute,1,1000000,100,1000,0.000,0.071,300.377,4096,3742,0,3742,0,3742,0,3742,0
naive_recompute,1,1000000,1000,1000,0.000,0.683,299.633,4096,3742,0,3742,0,3744,0,3744,0
naive_recompute,10,10000,1,10,0.000,0.009,17.863,4096,33,0,33,0,33,0,33,0
naive_recompute,10,10000,1,1000,0.000,0.003,20.400,4096,37,0,37,0,37,0,37,0
naive_recompute,10,10000,10,10,0.000,0.006,16.748,4096,33,0,33,0,33,0,33,0
naive_recompute,10,10000,10,1000,0.000,0.007,20.334,4096,37,0,37,0,37,0,37,0
naive_recompute,10,10000,100,10,0.000,0.043,17.294,4096,33,0,33,0,33,0,33,0
naive_recompute,10,10000,100,1000,0.000,0.040,20.202,4096,37,0,37,0,38,0,38,0
naive_recompute,10,10000,1000,10,0.000,0.257,17.293,4096,33,0,33,0,35,0,35,0
naive_recompute,10,10000,1000,1000,0.000,0.258,21.931,4096,37,0,37,0,40,0,40,0
naive_recompute,10,100000,1,10,0.000,0.004,204.574,4096,326,0,326,0,326,0,326,0
naive_recompute,10,100000,1,1000,0.000,0.004,243.835,4096,372,0,372,0,372,0,372,0
naive_recompute,10,100000,1,100000,0.000,0.004,312.963,4096,421,0,421,0,421,0,421,0
naive_recompute,10,100000,10,10,0.000,0.009,202.369,4096,326,0,326,0,326,0,326,0
naive_recompute,10,100000,10,1000,0.000,0.018,242.005,4096,372,0,372,0,372,0,372,0
naive_recompute,10,100000,10,100000,0.000,0.015,310.382,4096,421,0,421,0,421,0,421,0
naive_recompute,10,100000,100,10,0.000,0.067,201.513,4096,326,0,326,0,326,0,326,0
naive_recompute,10,100000,100,1000,0.000,0.059,243.531,4096,372,0,372,0,372,0,372,0
naive_recompute,10,100000,100,100000,0.000,0.053,309.832,4096,421,0,421,0,421,0,421,0
naive_recompute,10,100000,1000,10,0.000,0.413,201.475,4096,326,0,326,0,328,0,328,0
naive_recompute,10,100000,1000,1000,0.000,0.434,242.099,4096,372,0,372,0,374,0,374,0
naive_recompute,10,100000,1000,100000,0.000,0.521,318.237,4096,421,0,421,0,424,0,424,0
naive_recompute,10,1000000,1,10,0.000,0.008,2296.189,4096,3277,0,3277,0,3277,0,3277,0
naive_recompute,10,1000000,1,1000,0.000,0.004,2655.851,4096,3742,0,3742,0,3742,0,3742,0
naive_recompute,10,1000000,1,100000,0.000,0.004,3020.896,4096,4235,0,4235,0,4235,0,4235,0
naive_recompute,10,1000000,10,10,0.000,0.010,2329.211,4096,3277,0,3277,0,3277,0,3277,0
naive_recompute,10,1000000,10,1000,0.000,0.017,2667.984,4096,3742,0,3742,0,3742,0,3742,0
naive_recompute,10,1000000,10,100000,0.000,0.013,3010.708,4096,4235,0,4235,0,4235,0,4235,0
naive_recompute,10,1000000,100,10,0.000,0.075,2279.162,4096,3277,0,3277,0,3277,0,3277,0
naive_recompute,10,1000000,100,1000,0.000,0.075,2620.177,4096,3742,0,3742,0,3742,0,3742,0
naive_recompute,10,1000000,100,100000,0.000,0.072,3057.014,4096,4235,0,4235,0,4235,0,4235,0
naive_recompute,10,1000000,1000,10,0.000,0.758,2390.117,4096,3277,0,3277,0,3279,0,3279,0
naive_recompute,10,1000000,1000,1000,0.000,0.752,2733.380,4096,3742,0,3742,0,3744,0,3744,0
naive_recompute,10,1000000,1000,100000,0.000,0.603,3008.579,4096,4235,0,4235,0,4238,0,4238,0
naive_recompute,50,10000,1,1000,0.000,0.004,90.108,4096,37,0,37,0,37,0,37,0
naive_recompute,50,10000,10,1000,0.000,0.026,99.830,4096,37,0,37,0,37,0,37,0
naive_recompute,50,10000,100,1000,0.000,0.059,90.986,4096,37,0,37,0,38,0,38,0
naive_recompute,50,10000,1000,1000,0.000,0.466,92.728,4096,37,0,37,0,40,0,40,0
naive_recompute,50,100000,1,1000,0.000,0.008,955.790,4096,372,0,372,0,372,0,372,0
naive_recompute,50,100000,10,1000,0.000,0.012,974.816,4096,372,0,372,0,372,0,372,0
naive_recompute,50,100000,100,1000,0.000,0.066,1023.251,4096,372,0,372,0,372,0,372,0
naive_recompute,50,100000,1000,1000,0.000,0.569,955.016,4096,372,0,372,0,374,0,374,0
naive_recompute,50,1000000,1,1000,0.000,0.006,10503.005,4096,3742,0,3742,0,3742,0,3742,0
naive_recompute,50,1000000,10,1000,0.000,0.017,11371.999,4096,3742,0,3742,0,3742,0,3742,0
naive_recompute,50,1000000,100,1000,0.000,0.076,10028.528,4096,3742,0,3742,0,3742,0,3742,0
naive_recompute,50,1000000,1000,1000,0.000,0.686,9964.775,4096,3742,0,3742,0,3744,0,3744,0
naive_recompute,200,10000,1,1000,0.000,0.003,339.257,4096,37,0,37,0,37,0,37,0
naive_recompute,200,10000,10,1000,0.000,0.010,334.574,4096,37,0,37,0,37,0,37,0
naive_recompute,200,10000,100,1000,0.000,0.054,335.273,4096,37,0,37,0,38,0,38,0
naive_recompute,200,10000,1000,1000,0.000,0.396,343.742,4096,37,0,37,0,40,0,40,0
naive_recompute,200,100000,1,1000,0.000,0.004,3416.307,4096,372,0,372,0,372,0,372,0
naive_recompute,200,100000,10,1000,0.000,0.010,3403.210,4096,372,0,372,0,372,0,372,0
naive_recompute,200,100000,100,1000,0.000,0.059,3406.138,4096,372,0,372,0,372,0,372,0
naive_recompute,200,100000,1000,1000,0.000,0.538,3417.369,4096,372,0,372,0,374,0,374,0
naive_recompute,200,1000000,1,1000,0.000,0.006,38072.464,4096,3742,0,3742,0,3742,0,3742,0
naive_recompute,200,1000000,10,1000,0.000,0.014,38185.251,4096,3742,0,3742,0,3742,0,3742,0
naive_recompute,200,1000000,100,1000,0.000,0.080,38231.133,4096,3742,0,3742,0,3742,0,3742,0
naive_recompute,200,1000000,1000,1000,0.000,0.759,38270.394,4096,3742,0,3742,0,3744,0,3744,0
no_maintenance,1,10000,1,1000,0.000,0.003,0.000,4096,37,0,37,0,37,0,37,0
no_maintenance,1,10000,10,1000,0.000,0.006,0.000,4096,37,0,37,0,37,0,37,0
no_maintenance,1,10000,100,1000,0.000,0.039,0.000,4096,37,0,37,0,38,0,38,0
no_maintenance,1,10000,1000,1000,0.000,0.277,0.000,4096,37,0,37,0,40,0,40,0
no_maintenance,1,100000,1,1000,0.000,0.002,0.000,4096,372,0,372,0,372,0,372,0
no_maintenance,1,100000,10,1000,0.001,0.010,0.000,4096,372,0,372,0,372,0,372,0
no_maintenance,1,100000,100,1000,0.000,0.049,0.000,4096,372,0,372,0,372,0,372,0
no_maintenance,1,100000,1000,1000,0.000,0.578,0.000,4096,372,0,372,0,374,0,374,0
no_maintenance,1,1000000,1,1000,0.000,0.004,0.000,4096,3742,0,3742,0,3742,0,3742,0
no_maintenance,1,1000000,10,1000,0.000,0.013,0.000,4096,3742,0,3742,0,3742,0,3742,0
no_maintenance,1,1000000,100,1000,0.000,0.077,0.000,4096,3742,0,3742,0,3742,0,3742,0
no_maintenance,1,1000000,1000,1000,0.000,0.585,0.000,4096,3742,0,3742,0,3744,0,3744,0
no_maintenance,10,10000,1,10,0.000,0.005,0.000,4096,33,0,33,0,33,0,33,0
no_maintenance,10,10000,1,1000,0.000,0.002,0.000,4096,37,0,37,0,37,0,37,0
no_maintenance,10,10000,10,10,0.000,0.007,0.000,4096,33,0,33,0,33,0,33,0
no_maintenance,10,10000,10,1000,0.000,0.007,0.000,4096,37,0,37,0,37,0,37,0
no_maintenance,10,10000,100,10,0.000,0.035,0.000,4096,33,0,33,0,33,0,33,0
no_maintenance,10,10000,100,1000,0.000,0.044,0.000,4096,37,0,37,0,38,0,38,0
no_maintenance,10,10000,1000,10,0.000,0.269,0.000,4096,33,0,33,0,35,0,35,0
no_maintenance,10,10000,1000,1000,0.000,0.267,0.000,4096,37,0,37,0,40,0,40,0
no_maintenance,10,100000,1,10,0.000,0.003,0.000,4096,326,0,326,0,326,0,326,0
no_maintenance,10,100000,1,1000,0.000,0.003,0.000,4096,372,0,372,0,372,0,372,0
no_maintenance,10,100000,1,100000,0.000,0.004,0.000,4096,421,0,421,0,421,0,421,0
no_maintenance,10,100000,10,10,0.000,0.011,0.000,4096,326,0,326,0,326,0,326,0
no_maintenance,10,100000,10,1000,0.000,0.009,0.000,4096,372,0,372,0,372,0,372,0
no_maintenance,10,100000,10,100000,0.000,0.010,0.000,4096,421,0,421,0,421,0,421,0
no_maintenance,10,100000,100,10,0.000,0.056,0.000,4096,326,0,326,0,326,0,326,0
no_maintenance,10,100000,100,1000,0.000,0.076,0.000,4096,372,0,372,0,372,0,372,0
no_maintenance,10,100000,100,100000,0.000,0.073,0.000,4096,421,0,421,0,421,0,421,0
no_maintenance,10,100000,1000,10,0.000,0.411,0.000,4096,326,0,326,0,328,0,328,0
no_maintenance,10,100000,1000,1000,0.000,0.551,0.000,4096,372,0,372,0,374,0,374,0
no_maintenance,10,100000,1000,100000,0.000,0.568,0.000,4096,421,0,421,0,424,0,424,0
no_maintenance,10,1000000,1,10,0.000,0.004,0.000,4096,3277,0,3277,0,3277,0,3277,0
no_maintenance,10,1000000,1,1000,0.000,0.004,0.000,4096,3742,0,3742,0,3742,0,3742,0
no_maintenance,10,1000000,1,100000,0.000,0.004,0.000,4096,4235,0,4235,0,4235,0,4235,0
no_maintenance,10,1000000,10,10,0.000,0.011,0.000,4096,3277,0,3277,0,3277,0,3277,0
no_maintenance,10,1000000,10,1000,0.000,0.012,0.000,4096,3742,0,3742,0,3742,0,3742,0
no_maintenance,10,1000000,10,100000,0.000,0.012,0.000,4096,4235,0,4235,0,4235,0,4235,0
no_maintenance,10,1000000,100,10,0.000,0.071,0.000,4096,3277,0,3277,0,3277,0,3277,0
no_maintenance,10,1000000,100,1000,0.000,0.063,0.000,4096,3742,0,3742,0,3742,0,3742,0
no_maintenance,10,1000000,100,100000,0.000,0.089,0.000,4096,4235,0,4235,0,4235,0,4235,0
no_maintenance,10,1000000,1000,10,0.000,0.656,0.000,4096,3277,0,3277,0,3279,0,3279,0
no_maintenance,10,1000000,1000,1000,0.000,0.601,0.000,4096,3742,0,3742,0,3744,0,3744,0
no_maintenance,10,1000000,1000,100000,0.000,0.767,0.000,4096,4235,0,4235,0,4238,0,4238,0
no_maintenance,50,10000,1,1000,0.000,0.003,0.000,4096,37,0,37,0,37,0,37,0
no_maintenance,50,10000,10,1000,0.000,0.007,0.000,4096,37,0,37,0,37,0,37,0
no_maintenance,50,10000,100,1000,0.000,0.037,0.000,4096,37,0,37,0,38,0,38,0
no_maintenance,50,10000,1000,1000,0.000,0.259,0.000,4096,37,0,37,0,40,0,40,0
no_maintenance,50,100000,1,1000,0.000,0.003,0.000,4096,372,0,372,0,372,0,372,0
no_maintenance,50,100000,10,1000,0.000,0.009,0.000,4096,372,0,372,0,372,0,372,0
no_maintenance,50,100000,100,1000,0.000,0.076,0.000,4096,372,0,372,0,372,0,372,0
no_maintenance,50,100000,1000,1000,0.000,0.440,0.000,4096,372,0,372,0,374,0,374,0
no_maintenance,50,1000000,1,1000,0.000,0.004,0.000,4096,3742,0,3742,0,3742,0,3742,0
no_maintenance,50,1000000,10,1000,0.000,0.010,0.000,4096,3742,0,3742,0,3742,0,3742,0
no_maintenance,50,1000000,100,1000,0.000,0.063,0.000,4096,3742,0,3742,0,3742,0,3742,0
no_maintenance,50,1000000,1000,1000,0.000,1.707,0.000,4096,3742,0,3742,0,3744,0,3744,0
no_maintenance,200,10000,1,1000,0.000,0.002,0.000,4096,37,0,37,0,37,0,37,0
no_maintenance,200,10000,10,1000,0.000,0.006,0.000,4096,37,0,37,0,37,0,37,0
no_maintenance,200,10000,100,1000,0.000,0.037,0.000,4096,37,0,37,0,38,0,38,0
no_maintenance,200,10000,1000,1000,0.000,0.258,0.000,4096,37,0,37,0,40,0,40,0
no_maintenance,200,100000,1,1000,0.000,0.003,0.000,4096,372,0,372,0,372,0,372,0
no_maintenance,200,100000,10,1000,0.000,0.007,0.000,4096,372,0,372,0,372,0,372,0
no_maintenance,200,100000,100,1000,0.000,0.044,0.000,4096,372,0,372,0,372,0,372,0
no_maintenance,200,100000,1000,1000,0.000,0.390,0.000,4096,372,0,372,0,374,0,374,0
no_maintenance,200,1000000,1,1000,0.000,0.003,0.000,4096,3742,0,3742,0,3742,0,3742,0
no_maintenance,200,1000000,10,1000,0.000,0.017,0.000,4096,3742,0,3742,0,3742,0,3742,0
no_maintenance,200,1000000,100,1000,0.000,0.069,0.000,4096,3742,0,3742,0,3742,0,3742,0
no_maintenance,200,1000000,1000,1000,0.000,0.595,0.000,4096,3742,0,3742,0,3744,0,3744,0
