label,case,mode,base_rows,batch_size,repeats,bootstrap_ms,bootstrap_min_ms,bootstrap_max_ms,first_refresh_ms,first_refresh_min_ms,first_refresh_max_ms,apply_ms,apply_min_ms,apply_max_ms,maintain_ms,maintain_min_ms,maintain_max_ms,read_ms,read_min_ms,read_max_ms,apply_plus_maintain_ms,apply_plus_maintain_min_ms,apply_plus_maintain_max_ms,end_to_end_ms,end_to_end_min_ms,end_to_end_max_ms,database_kib,database_kib_min,database_kib_max
before,fluxflow_grouped_flow_rollup,no_maintenance,1500000,500,5,0.000,0.000,0.000,0.000,0.000,0.000,0.202,0.198,0.219,0.000,0.000,0.000,0.000,0.000,0.000,0.203,0.198,0.219,0.203,0.198,0.219,60840.0,60840.0,60840.0
before,fluxflow_grouped_flow_rollup,unindexed_recompute,1500000,500,5,0.000,0.000,0.000,1221.479,1208.858,1402.973,0.222,0.218,0.227,1215.412,1211.275,1223.153,0.000,0.000,0.000,1215.634,1211.498,1223.375,1215.634,1211.499,1223.375,60840.0,60840.0,60840.0
before,fluxflow_grouped_flow_rollup,indexed_recompute,1500000,500,5,1311.960,1287.758,1381.891,134.419,133.632,134.735,1.108,1.105,1.133,134.060,133.702,134.666,0.000,0.000,0.000,135.173,134.835,135.771,135.173,134.835,135.771,121668.0,121668.0,121668.0
before,fluxflow_grouped_flow_rollup,handwritten_trigger,1500000,500,5,1215.259,1201.150,1227.896,0.000,0.000,0.000,1.331,1.305,1.338,0.000,0.000,0.000,0.467,0.461,0.473,1.331,1.305,1.338,1.799,1.772,1.804,61144.0,61144.0,61144.0
before,fluxflow_grouped_flow_rollup,ivmlite,1500000,500,5,2758.433,2643.779,3003.895,3.690,3.310,4.286,4.161,4.110,4.187,2.729,2.715,2.786,2.606,2.577,2.625,6.902,6.839,6.943,9.526,9.421,9.555,63316.0,63316.0,63316.0
before,noop_gravity_witness,no_maintenance,518400,200,5,0.000,0.000,0.000,0.000,0.000,0.000,0.188,0.184,0.201,0.000,0.000,0.000,0.000,0.000,0.000,0.188,0.184,0.201,0.188,0.184,0.201,15048.0,15048.0,15048.0
before,noop_gravity_witness,unindexed_recompute,518400,200,5,0.000,0.000,0.000,182.608,174.323,187.278,0.269,0.263,0.271,181.553,178.124,184.449,0.000,0.000,0.000,181.816,178.393,184.719,181.816,178.393,184.719,15048.0,15048.0,15048.0
before,noop_gravity_witness,indexed_recompute,518400,200,5,155.721,154.244,157.779,18.341,18.077,18.527,0.445,0.372,0.460,18.062,17.677,18.261,0.000,0.000,0.000,18.507,18.058,18.722,18.507,18.058,18.722,20852.0,20852.0,20852.0
before,noop_gravity_witness,ivmlite,518400,200,5,204.415,195.362,213.790,1.220,1.095,1.268,1.947,1.926,2.029,1.020,0.984,1.081,0.018,0.017,0.020,2.952,2.920,3.110,2.969,2.938,3.130,15152.0,15152.0,15152.0
before,zcash_transparent_balance,no_maintenance,500000,500,5,0.000,0.000,0.000,0.000,0.000,0.000,0.162,0.159,0.163,0.000,0.000,0.000,0.000,0.000,0.000,0.162,0.159,0.163,0.162,0.159,0.163,12328.0,12328.0,12328.0
before,zcash_transparent_balance,unindexed_recompute,500000,500,5,0.000,0.000,0.000,115.742,114.929,118.987,0.182,0.180,0.189,116.684,116.132,117.518,0.000,0.000,0.000,116.873,116.312,117.701,116.873,116.312,117.701,12328.0,12328.0,12328.0
before,zcash_transparent_balance,indexed_recompute,500000,500,5,219.807,217.793,220.535,23.134,22.840,24.992,1.077,0.968,1.165,23.198,22.748,23.712,0.000,0.000,0.000,24.285,23.716,24.877,24.285,23.716,24.877,25772.0,25772.0,25772.0
before,zcash_transparent_balance,ivmlite,500000,500,5,588.718,564.116,617.821,4.353,4.341,4.482,4.724,4.632,4.754,4.146,4.060,4.271,0.054,0.053,0.060,8.898,8.700,9.024,8.953,8.754,9.078,12528.0,12528.0,12528.0
before,kener_quarter_hour_rollup,no_maintenance,4100000,500,5,0.000,0.000,0.000,0.000,0.000,0.000,0.170,0.163,0.179,0.000,0.000,0.000,0.000,0.000,0.000,0.170,0.163,0.179,0.170,0.163,0.179,100940.0,100940.0,100940.0
before,kener_quarter_hour_rollup,unindexed_recompute,4100000,500,5,0.000,0.000,0.000,1674.076,1641.997,1745.088,0.196,0.188,0.208,1659.005,1647.944,1723.288,0.000,0.000,0.000,1659.200,1648.132,1723.496,1659.200,1648.132,1723.496,100940.0,100940.0,100940.0
before,kener_quarter_hour_rollup,indexed_recompute,4100000,500,5,1656.386,1640.440,1736.672,348.767,346.486,350.169,1.204,1.171,1.283,348.063,346.228,354.319,0.000,0.000,0.000,349.233,347.428,355.603,349.233,347.428,355.603,200596.0,200596.0,200596.0
before,kener_quarter_hour_rollup,ivmlite,4100000,500,5,10636.851,10302.303,11824.688,10.756,9.913,14.214,4.258,4.118,4.385,2.772,2.649,2.822,143.213,142.710,143.417,7.029,6.767,7.206,150.294,149.678,150.520,256048.0,256048.0,256048.0
after,fluxflow_grouped_flow_rollup,no_maintenance,1500000,500,5,0.000,0.000,0.000,0.000,0.000,0.000,0.203,0.197,0.215,0.000,0.000,0.000,0.000,0.000,0.000,0.203,0.197,0.215,0.203,0.197,0.215,60840.0,60840.0,60840.0
after,fluxflow_grouped_flow_rollup,unindexed_recompute,1500000,500,5,0.000,0.000,0.000,1241.460,1236.323,1247.836,0.226,0.224,0.227,1231.036,1225.732,1246.792,0.000,0.000,0.000,1231.262,1225.957,1247.019,1231.262,1225.957,1247.019,60840.0,60840.0,60840.0
after,fluxflow_grouped_flow_rollup,indexed_recompute,1500000,500,5,1322.709,1314.506,1341.263,135.820,134.672,138.044,1.157,1.113,1.209,134.666,133.806,135.304,0.000,0.000,0.000,135.827,134.963,136.513,135.827,134.963,136.513,121668.0,121668.0,121668.0
after,fluxflow_grouped_flow_rollup,handwritten_trigger,1500000,500,5,1230.652,1218.783,1243.805,0.000,0.000,0.000,1.331,1.327,1.346,0.000,0.000,0.000,0.462,0.458,0.481,1.331,1.327,1.346,1.800,1.786,1.812,61144.0,61144.0,61144.0
after,fluxflow_grouped_flow_rollup,ivmlite,1500000,500,5,2973.285,2782.880,3030.615,2.677,2.612,3.324,4.111,4.104,4.162,2.398,2.358,2.505,2.648,2.572,2.676,6.518,6.467,6.609,9.164,9.039,9.285,63268.0,63268.0,63268.0
after,noop_gravity_witness,no_maintenance,518400,200,5,0.000,0.000,0.000,0.000,0.000,0.000,0.200,0.191,0.216,0.000,0.000,0.000,0.000,0.000,0.000,0.200,0.191,0.216,0.200,0.191,0.216,15048.0,15048.0,15048.0
after,noop_gravity_witness,unindexed_recompute,518400,200,5,0.000,0.000,0.000,188.980,184.092,195.067,0.287,0.284,0.295,190.588,187.709,192.075,0.000,0.000,0.000,190.883,187.996,192.369,190.883,187.996,192.369,15048.0,15048.0,15048.0
after,noop_gravity_witness,indexed_recompute,518400,200,5,158.858,158.387,159.371,18.168,17.514,18.898,0.442,0.433,0.458,18.645,18.441,18.780,0.000,0.000,0.000,19.104,18.874,19.222,19.104,18.874,19.222,20852.0,20852.0,20852.0
after,noop_gravity_witness,ivmlite,518400,200,5,204.310,196.084,217.913,0.843,0.801,0.860,2.045,1.941,2.080,0.703,0.678,0.772,0.018,0.018,0.023,2.755,2.619,2.828,2.773,2.637,2.851,15160.0,15160.0,15160.0
after,zcash_transparent_balance,no_maintenance,500000,500,5,0.000,0.000,0.000,0.000,0.000,0.000,0.162,0.161,0.164,0.000,0.000,0.000,0.000,0.000,0.000,0.162,0.161,0.164,0.162,0.161,0.164,12328.0,12328.0,12328.0
after,zcash_transparent_balance,unindexed_recompute,500000,500,5,0.000,0.000,0.000,118.106,116.355,118.932,0.188,0.185,0.194,117.781,117.694,118.416,0.000,0.000,0.000,117.966,117.881,118.608,117.966,117.881,118.608,12328.0,12328.0,12328.0
after,zcash_transparent_balance,indexed_recompute,500000,500,5,220.713,219.431,287.751,23.224,22.649,23.743,1.131,1.075,1.232,23.574,23.230,23.695,0.000,0.000,0.000,24.760,24.305,24.813,24.760,24.305,24.813,25772.0,25772.0,25772.0
after,zcash_transparent_balance,ivmlite,500000,500,5,583.743,569.585,608.549,3.140,3.036,3.313,4.776,4.704,4.785,2.932,2.877,2.954,0.058,0.055,0.059,7.655,7.636,7.737,7.714,7.693,7.795,12536.0,12536.0,12536.0
after,kener_quarter_hour_rollup,no_maintenance,4100000,500,5,0.000,0.000,0.000,0.000,0.000,0.000,0.167,0.163,0.178,0.000,0.000,0.000,0.000,0.000,0.000,0.167,0.163,0.178,0.167,0.163,0.178,100940.0,100940.0,100940.0
after,kener_quarter_hour_rollup,unindexed_recompute,4100000,500,5,0.000,0.000,0.000,1666.789,1647.240,1674.891,0.191,0.188,0.194,1663.942,1648.623,1684.043,0.000,0.000,0.000,1664.129,1648.816,1684.237,1664.129,1648.816,1684.237,100940.0,100940.0,100940.0
after,kener_quarter_hour_rollup,indexed_recompute,4100000,500,5,1670.518,1648.394,1682.455,350.746,348.873,357.743,1.205,1.167,1.292,350.972,350.393,352.754,0.000,0.000,0.000,352.177,351.596,353.973,352.177,351.596,353.973,200596.0,200596.0,200596.0
after,kener_quarter_hour_rollup,ivmlite,4100000,500,5,8706.735,8413.841,8997.691,5.372,4.826,9.355,4.349,4.186,4.443,2.235,2.191,2.281,140.648,139.591,141.798,6.559,6.432,6.648,147.295,146.024,148.433,255432.0,255432.0,255432.0
